Order_ID,Customer_ID,Product_Category,Region,Quantity,Unit_Price,Discount,Order_Date,Gross_Sales,Discount_Amount,Net_Sales,Month,Year
1,1102,Electronics,East,4,185.0,15.0,2024-01-01,740.0,111.0,629.0,1,2024
2,1179,Furniture,East,7,3215.0,0.0,2024-01-02,22505.0,0.0,22505.0,1,2024
3,1092,Groceries,South,1,4332.0,0.0,2024-01-03,4332.0,0.0,4332.0,1,2024
4,1014,Clothing,East,7,2568.0,15.0,2024-01-04,17976.0,2696.4,15279.6,1,2024
5,1106,Electronics,South,1,3719.0,0.0,2024-01-05,3719.0,0.0,3719.0,1,2024
6,1071,Beauty,South,2,1736.0,0.0,2024-01-06,3472.0,0.0,3472.0,1,2024
7,1188,Furniture,South,4,3683.0,0.0,2024-01-07,14732.0,0.0,14732.0,1,2024
8,1020,Clothing,South,1,4109.0,0.0,2024-01-08,4109.0,0.0,4109.0,1,2024
9,1102,Clothing,North,9,3426.0,5.0,2024-01-09,30834.0,1541.7,29292.3,1,2024
10,1121,Groceries,South,6,2318.0,5.0,2024-01-10,13908.0,695.4,13212.6,1,2024
11,1074,Groceries,West,1,2317.0,10.0,2024-01-11,2317.0,231.7,2085.3,1,2024
12,1087,Beauty,East,1,2469.0,0.0,2024-01-12,2469.0,0.0,2469.0,1,2024
13,1116,Beauty,West,6,3738.0,10.0,2024-01-13,22428.0,2242.8,20185.2,1,2024
14,1099,Electronics,North,4,2603.0,5.0,2024-01-14,10412.0,520.6,9891.4,1,2024
15,1103,Electronics,West,4,1043.0,10.0,2024-01-15,4172.0,417.2,3754.8,1,2024
16,1151,Beauty,East,6,2937.0,0.0,2024-01-16,17622.0,0.0,17622.0,1,2024
17,1130,Beauty,West,7,2760.0,0.0,2024-01-17,19320.0,0.0,19320.0,1,2024
18,1149,Furniture,North,9,3036.0,0.0,2024-01-18,27324.0,0.0,27324.0,1,2024
19,1052,Groceries,South,5,4544.0,15.0,2024-01-19,22720.0,3408.0,19312.0,1,2024
20,1001,Electronics,West,9,4047.0,0.0,2024-01-20,36423.0,0.0,36423.0,1,2024
21,1087,Groceries,North,4,2735.0,0.0,2024-01-21,10940.0,0.0,10940.0,1,2024
22,1157,Groceries,North,2,2735.0,5.0,2024-01-22,5470.0,273.5,5196.5,1,2024
23,1037,Beauty,East,3,2735.0,5.0,2024-01-23,8205.0,410.25,7794.75,1,2024
24,1129,Furniture,East,1,2735.0,0.0,2024-01-24,2735.0,0.0,2735.0,1,2024
25,1191,Clothing,West,6,2735.0,0.0,2024-01-25,16410.0,0.0,16410.0,1,2024
26,1187,Furniture,South,6,2735.0,5.0,2024-01-26,16410.0,820.5,15589.5,1,2024
27,1020,Furniture,North,1,2735.0,0.0,2024-01-27,2735.0,0.0,2735.0,1,2024
28,1160,Groceries,West,3,2735.0,5.0,2024-01-28,8205.0,410.25,7794.75,1,2024
29,1057,Furniture,North,5,2735.0,0.0,2024-01-29,13675.0,0.0,13675.0,1,2024
30,1021,Electronics,North,3,2735.0,10.0,2024-01-30,8205.0,820.5,7384.5,1,2024
31,1088,Groceries,South,3,2735.0,0.0,2024-01-31,8205.0,0.0,8205.0,1,2024
32,1048,Electronics,South,3,4522.0,0.0,2024-02-01,13566.0,0.0,13566.0,2,2024
33,1058,Clothing,West,5,3924.0,0.0,2024-02-02,19620.0,0.0,19620.0,2,2024
34,1169,Groceries,South,5,4006.0,10.0,2024-02-03,20030.0,2003.0,18027.0,2,2024
35,1187,Clothing,South,4,1079.0,15.0,2024-02-04,4316.0,647.4,3668.6,2,2024
36,1014,Groceries,West,1,2551.0,0.0,2024-02-05,2551.0,0.0,2551.0,2,2024
37,1189,Beauty,South,5,728.0,15.0,2024-02-06,3640.0,546.0,3094.0,2,2024
38,1189,Furniture,East,5,1729.0,5.0,2024-02-07,8645.0,432.25,8212.75,2,2024
39,1174,Beauty,North,4,3796.0,15.0,2024-02-08,15184.0,2277.6,12906.4,2,2024
40,1189,Clothing,North,6,3530.0,0.0,2024-02-09,21180.0,0.0,21180.0,2,2024
41,1050,Furniture,North,4,3774.0,15.0,2024-02-10,15096.0,2264.4,12831.6,2,2024
42,1107,Groceries,North,7,4029.0,0.0,2024-02-11,28203.0,0.0,28203.0,2,2024
43,1054,Furniture,West,7,2865.0,0.0,2024-02-12,20055.0,0.0,20055.0,2,2024
44,1063,Electronics,North,2,4469.0,15.0,2024-02-13,8938.0,1340.7,7597.3,2,2024
45,1130,Furniture,North,3,4880.0,0.0,2024-02-14,14640.0,0.0,14640.0,2,2024
46,1050,Electronics,North,1,215.0,0.0,2024-02-15,215.0,0.0,215.0,2,2024
47,1134,Furniture,North,8,2103.0,15.0,2024-02-16,16824.0,2523.6,14300.4,2,2024
48,1020,Electronics,East,9,792.0,10.0,2024-02-17,7128.0,712.8,6415.2,2,2024
49,1072,Clothing,North,4,3262.0,10.0,2024-02-18,13048.0,1304.8,11743.2,2,2024
50,1166,Beauty,East,6,1205.0,5.0,2024-02-19,7230.0,361.5,6868.5,2,2024
51,1017,Unknown,West,9,3108.0,0.0,2024-02-20,27972.0,0.0,27972.0,2,2024
52,1131,Unknown,South,6,2261.0,15.0,2024-02-21,13566.0,2034.9,11531.1,2,2024
53,1088,Unknown,North,9,253.0,0.0,2024-02-22,2277.0,0.0,2277.0,2,2024
54,1059,Unknown,South,4,3799.0,0.0,2024-02-23,15196.0,0.0,15196.0,2,2024
55,1013,Unknown,South,8,4510.0,0.0,2024-02-24,36080.0,0.0,36080.0,2,2024
56,1008,Unknown,West,9,3886.0,0.0,2024-02-25,34974.0,0.0,34974.0,2,2024
57,1089,Clothing,South,4,1164.0,10.0,2024-02-26,4656.0,465.6,4190.4,2,2024
58,1052,Clothing,East,5,4300.0,15.0,2024-02-27,21500.0,3225.0,18275.0,2,2024
59,1129,Beauty,South,8,2013.0,0.0,2024-02-28,16104.0,0.0,16104.0,2,2024
60,1083,Clothing,South,6,1316.0,10.0,2024-02-29,7896.0,789.6,7106.4,2,2024
61,1091,Furniture,South,7,2501.0,5.0,2024-03-01,17507.0,875.35,16631.65,3,2024
62,1110,Clothing,North,3,1872.0,10.0,2024-03-02,5616.0,561.6,5054.4,3,2024
63,1187,Beauty,North,7,2060.0,10.0,2024-03-03,14420.0,1442.0,12978.0,3,2024
64,1198,Clothing,East,8,2880.0,10.0,2024-03-04,23040.0,2304.0,20736.0,3,2024
65,1171,Furniture,East,6,4904.0,0.0,2024-03-05,29424.0,0.0,29424.0,3,2024
66,1007,Electronics,North,9,4846.0,0.0,2024-03-06,43614.0,0.0,43614.0,3,2024
67,1174,Beauty,East,6,2971.0,5.0,2024-03-07,17826.0,891.3,16934.7,3,2024
68,1034,Electronics,North,9,760.0,0.0,2024-03-08,6840.0,0.0,6840.0,3,2024
69,1080,Electronics,West,4,2735.0,0.0,2024-03-09,10940.0,0.0,10940.0,3,2024
70,1163,Electronics,South,8,2429.0,0.0,2024-03-10,19432.0,0.0,19432.0,3,2024
71,1049,Groceries,South,4,4054.0,5.0,2024-03-11,16216.0,810.8,15405.2,3,2024
72,1103,Groceries,East,2,2550.0,0.0,2024-03-12,5100.0,0.0,5100.0,3,2024
73,1131,Electronics,North,9,1232.0,0.0,2024-03-13,11088.0,0.0,11088.0,3,2024
74,1001,Beauty,North,5,799.0,10.0,2024-03-14,3995.0,399.5,3595.5,3,2024
75,1133,Furniture,East,4,2138.0,0.0,2024-03-15,8552.0,0.0,8552.0,3,2024
76,1053,Furniture,North,2,4747.0,0.0,2024-03-16,9494.0,0.0,9494.0,3,2024
77,1105,Clothing,West,1,4600.0,10.0,2024-03-17,4600.0,460.0,4140.0,3,2024
78,1003,Beauty,South,7,4657.0,10.0,2024-03-18,32599.0,3259.9,29339.1,3,2024
79,1053,Groceries,East,6,2279.0,10.0,2024-03-19,13674.0,1367.4,12306.6,3,2024
80,1190,Electronics,East,2,2938.0,0.0,2024-03-20,5876.0,0.0,5876.0,3,2024
81,1145,Clothing,North,8,973.0,0.0,2024-03-21,7784.0,0.0,7784.0,3,2024
82,1043,Furniture,East,4,183.0,10.0,2024-03-22,732.0,73.2,658.8,3,2024
83,1161,Groceries,West,8,1522.0,5.0,2024-03-23,12176.0,608.8,11567.2,3,2024
84,1189,Groceries,North,7,2775.0,10.0,2024-03-24,19425.0,1942.5,17482.5,3,2024
85,1013,Electronics,North,5,3280.0,15.0,2024-03-25,16400.0,2460.0,13940.0,3,2024
86,1094,Furniture,North,8,4416.0,10.0,2024-03-26,35328.0,3532.8,31795.2,3,2024
87,1047,Beauty,North,9,4075.0,0.0,2024-03-27,36675.0,0.0,36675.0,3,2024
88,1014,Groceries,West,5,1491.0,10.0,2024-03-28,7455.0,745.5,6709.5,3,2024
89,1199,Electronics,North,5,3318.0,15.0,2024-03-29,16590.0,2488.5,14101.5,3,2024
90,1189,Beauty,East,2,4307.0,5.0,2024-03-30,8614.0,430.7,8183.3,3,2024
91,1039,Furniture,West,5,714.0,0.0,2024-03-31,3570.0,0.0,3570.0,3,2024
92,1081,Groceries,South,3,3071.0,10.0,2024-04-01,9213.0,921.3,8291.7,4,2024
93,1110,Beauty,South,7,3665.0,15.0,2024-04-02,25655.0,3848.25,21806.75,4,2024
94,1052,Beauty,East,5,3676.0,15.0,2024-04-03,18380.0,2757.0,15623.0,4,2024
95,1023,Beauty,East,8,4670.0,5.0,2024-04-04,37360.0,1868.0,35492.0,4,2024
96,1153,Groceries,West,1,370.0,0.0,2024-04-05,370.0,0.0,370.0,4,2024
97,1187,Groceries,South,3,4166.0,10.0,2024-04-06,12498.0,1249.8,11248.2,4,2024
98,1123,Clothing,South,3,2568.0,15.0,2024-04-07,7704.0,1155.6,6548.4,4,2024
99,1040,Furniture,South,9,1490.0,5.0,2024-04-08,13410.0,670.5,12739.5,4,2024
100,1156,Electronics,South,5,3454.0,0.0,2024-04-09,17270.0,0.0,17270.0,4,2024
101,1014,Beauty,South,9,4235.0,15.0,2024-04-10,38115.0,5717.25,32397.75,4,2024
102,1044,Clothing,North,9,3707.0,5.0,2024-04-11,33363.0,1668.15,31694.85,4,2024
103,1064,Electronics,East,1,2683.0,0.0,2024-04-12,2683.0,0.0,2683.0,4,2024
104,1088,Clothing,North,2,4173.0,0.0,2024-04-13,8346.0,0.0,8346.0,4,2024
105,1070,Groceries,South,5,3175.0,15.0,2024-04-14,15875.0,2381.25,13493.75,4,2024
106,1008,Beauty,West,4,4006.0,15.0,2024-04-15,16024.0,2403.6,13620.4,4,2024
107,1087,Electronics,West,9,389.0,10.0,2024-04-16,3501.0,350.1,3150.9,4,2024
108,1128,Electronics,South,7,2580.0,5.0,2024-04-17,18060.0,903.0,17157.0,4,2024
109,1135,Electronics,South,6,3352.0,15.0,2024-04-18,20112.0,3016.8,17095.2,4,2024
110,1062,Electronics,West,7,378.0,10.0,2024-04-19,2646.0,264.6,2381.4,4,2024
111,1138,Electronics,North,1,3024.0,10.0,2024-04-20,3024.0,302.4,2721.6,4,2024
112,1080,Clothing,North,1,680.0,15.0,2024-04-21,680.0,102.0,578.0,4,2024
113,1135,Beauty,South,8,353.0,0.0,2024-04-22,2824.0,0.0,2824.0,4,2024
114,1162,Groceries,North,2,4376.0,5.0,2024-04-23,8752.0,437.6,8314.4,4,2024
115,1162,Groceries,West,9,4876.0,5.0,2024-04-24,43884.0,2194.2,41689.8,4,2024
116,1032,Groceries,North,7,924.0,0.0,2024-04-25,6468.0,0.0,6468.0,4,2024
117,1122,Groceries,South,6,3932.0,15.0,2024-04-26,23592.0,3538.8,20053.2,4,2024
118,1004,Clothing,West,1,799.0,5.0,2024-04-27,799.0,39.95,759.05,4,2024
119,1040,Furniture,North,1,1480.0,15.0,2024-04-28,1480.0,222.0,1258.0,4,2024
120,1027,Beauty,East,2,3996.0,15.0,2024-04-29,7992.0,1198.8,6793.2,4,2024
121,1134,Electronics,West,6,1773.0,10.0,2024-04-30,10638.0,1063.8,9574.2,4,2024
122,1071,Furniture,West,6,2827.0,0.0,2024-05-01,16962.0,0.0,16962.0,5,2024
123,1011,Groceries,East,2,3256.0,15.0,2024-05-02,6512.0,976.8,5535.2,5,2024
124,1161,Furniture,East,1,3488.0,0.0,2024-05-03,3488.0,0.0,3488.0,5,2024
125,1032,Beauty,West,5,4407.0,0.0,2024-05-04,22035.0,0.0,22035.0,5,2024
126,1047,Electronics,East,5,483.0,5.0,2024-05-05,2415.0,120.75,2294.25,5,2024
127,1150,Electronics,South,2,441.0,10.0,2024-05-06,882.0,88.2,793.8,5,2024
128,1061,Beauty,South,6,2087.0,5.0,2024-05-07,12522.0,626.1,11895.9,5,2024
129,1036,Beauty,South,9,4159.0,5.0,2024-05-08,37431.0,1871.55,35559.45,5,2024
130,1098,Groceries,West,2,3209.0,0.0,2024-05-09,6418.0,0.0,6418.0,5,2024
131,1171,Electronics,East,2,4182.0,5.0,2024-05-10,8364.0,418.2,7945.8,5,2024
132,1103,Furniture,East,3,4615.0,15.0,2024-05-11,13845.0,2076.75,11768.25,5,2024
133,1034,Clothing,North,7,2898.0,5.0,2024-05-12,20286.0,1014.3,19271.7,5,2024
134,1192,Clothing,North,6,3340.0,10.0,2024-05-13,20040.0,2004.0,18036.0,5,2024
135,1100,Beauty,East,8,2088.0,10.0,2024-05-14,16704.0,1670.4,15033.6,5,2024
136,1174,Groceries,East,8,3514.0,0.0,2024-05-15,28112.0,0.0,28112.0,5,2024
137,1130,Clothing,East,6,1949.0,10.0,2024-05-16,11694.0,1169.4,10524.6,5,2024
138,1000,Electronics,West,3,405.0,5.0,2024-05-17,1215.0,60.75,1154.25,5,2024
139,1004,Beauty,East,3,3713.0,10.0,2024-05-18,11139.0,1113.9,10025.1,5,2024
140,1141,Furniture,North,1,2849.0,0.0,2024-05-19,2849.0,0.0,2849.0,5,2024
141,1102,Beauty,West,7,1235.0,10.0,2024-05-20,8645.0,864.5,7780.5,5,2024
142,1026,Furniture,East,5,305.0,15.0,2024-05-21,1525.0,228.75,1296.25,5,2024
143,1136,Beauty,North,4,4691.0,0.0,2024-05-22,18764.0,0.0,18764.0,5,2024
144,1014,Beauty,West,4,3550.0,0.0,2024-05-23,14200.0,0.0,14200.0,5,2024
145,1089,Beauty,East,4,3911.0,15.0,2024-05-24,15644.0,2346.6,13297.4,5,2024
146,1041,Furniture,East,6,3722.0,5.0,2024-05-25,22332.0,1116.6,21215.4,5,2024
147,1123,Furniture,East,8,3699.0,5.0,2024-05-26,29592.0,1479.6,28112.4,5,2024
148,1178,Beauty,West,8,2651.0,5.0,2024-05-27,21208.0,1060.4,20147.6,5,2024
149,1062,Clothing,North,5,4408.0,15.0,2024-05-28,22040.0,3306.0,18734.0,5,2024
150,1095,Groceries,North,6,409.0,15.0,2024-05-29,2454.0,368.1,2085.9,5,2024
151,1051,Groceries,South,4,2808.0,15.0,2024-05-30,11232.0,1684.8,9547.2,5,2024
152,1095,Groceries,East,9,2091.0,0.0,2024-05-31,18819.0,0.0,18819.0,5,2024
153,1131,Furniture,South,8,371.0,0.0,2024-06-01,2968.0,0.0,2968.0,6,2024
154,1150,Furniture,South,1,3742.0,5.0,2024-06-02,3742.0,187.1,3554.9,6,2024
155,1142,Clothing,North,2,4186.0,10.0,2024-06-03,8372.0,837.2,7534.8,6,2024
156,1170,Groceries,West,9,1922.0,5.0,2024-06-04,17298.0,864.9,16433.1,6,2024
157,1028,Groceries,West,8,3373.0,0.0,2024-06-05,26984.0,0.0,26984.0,6,2024
158,1035,Beauty,North,3,4638.0,0.0,2024-06-06,13914.0,0.0,13914.0,6,2024
159,1012,Furniture,West,8,4449.0,15.0,2024-06-07,35592.0,5338.8,30253.2,6,2024
160,1159,Groceries,South,1,620.0,0.0,2024-06-08,620.0,0.0,620.0,6,2024
161,1070,Clothing,East,4,1076.0,15.0,2024-06-09,4304.0,645.6,3658.4,6,2024
162,1186,Clothing,North,3,3822.0,0.0,2024-06-10,11466.0,0.0,11466.0,6,2024
163,1085,Groceries,East,6,3651.0,0.0,2024-06-11,21906.0,0.0,21906.0,6,2024
164,1027,Furniture,West,7,4205.0,0.0,2024-06-12,29435.0,0.0,29435.0,6,2024
165,1065,Clothing,East,4,2873.0,15.0,2024-06-13,11492.0,1723.8,9768.2,6,2024
166,1169,Beauty,West,7,2652.0,0.0,2024-06-14,18564.0,0.0,18564.0,6,2024
167,1044,Clothing,West,9,2932.0,5.0,2024-06-15,26388.0,1319.4,25068.6,6,2024
168,1061,Electronics,South,2,4007.0,5.0,2024-06-16,8014.0,400.7,7613.3,6,2024
169,1184,Electronics,West,3,252.0,15.0,2024-06-17,756.0,113.4,642.6,6,2024
170,1133,Furniture,South,5,3064.0,0.0,2024-06-18,15320.0,0.0,15320.0,6,2024
171,1027,Groceries,South,3,3016.0,0.0,2024-06-19,9048.0,0.0,9048.0,6,2024
172,1027,Furniture,South,8,2900.0,0.0,2024-06-20,23200.0,0.0,23200.0,6,2024
173,1107,Furniture,North,8,1852.0,5.0,2024-06-21,14816.0,740.8,14075.2,6,2024
174,1043,Furniture,North,8,2710.0,0.0,2024-06-22,21680.0,0.0,21680.0,6,2024
175,1083,Furniture,West,9,3975.0,0.0,2024-06-23,35775.0,0.0,35775.0,6,2024
176,1029,Beauty,South,4,1204.0,10.0,2024-06-24,4816.0,481.6,4334.4,6,2024
177,1189,Beauty,North,5,2636.0,15.0,2024-06-25,13180.0,1977.0,11203.0,6,2024
178,1074,Clothing,South,5,4299.0,15.0,2024-06-26,21495.0,3224.25,18270.75,6,2024
179,1127,Electronics,East,8,3954.0,10.0,2024-06-27,31632.0,3163.2,28468.8,6,2024
180,1091,Furniture,East,7,3594.0,5.0,2024-06-28,25158.0,1257.9,23900.1,6,2024
181,1189,Clothing,East,9,2014.0,0.0,2024-06-29,18126.0,0.0,18126.0,6,2024
182,1128,Electronics,West,8,3172.0,15.0,2024-06-30,25376.0,3806.4,21569.6,6,2024
183,1120,Groceries,South,2,1106.0,10.0,2024-07-01,2212.0,221.2,1990.8,7,2024
184,1026,Beauty,East,4,506.0,10.0,2024-07-02,2024.0,202.4,1821.6,7,2024
185,1189,Electronics,North,6,266.0,5.0,2024-07-03,1596.0,79.8,1516.2,7,2024
186,1120,Groceries,East,2,608.0,5.0,2024-07-04,1216.0,60.8,1155.2,7,2024
187,1115,Electronics,East,7,1761.0,0.0,2024-07-05,12327.0,0.0,12327.0,7,2024
188,1002,Beauty,East,3,3764.0,15.0,2024-07-06,11292.0,1693.8,9598.2,7,2024
189,1102,Beauty,West,3,3589.0,0.0,2024-07-07,10767.0,0.0,10767.0,7,2024
190,1197,Clothing,North,2,4958.0,10.0,2024-07-08,9916.0,991.6,8924.4,7,2024
191,1199,Furniture,South,8,780.0,0.0,2024-07-09,6240.0,0.0,6240.0,7,2024
192,1154,Electronics,North,6,2624.0,0.0,2024-07-10,15744.0,0.0,15744.0,7,2024
193,1136,Electronics,South,1,2220.0,5.0,2024-07-11,2220.0,111.0,2109.0,7,2024
194,1061,Groceries,West,1,4777.0,0.0,2024-07-12,4777.0,0.0,4777.0,7,2024
195,1164,Beauty,West,7,4457.0,0.0,2024-07-13,31199.0,0.0,31199.0,7,2024
196,1050,Electronics,West,8,1463.0,0.0,2024-07-14,11704.0,0.0,11704.0,7,2024
197,1171,Beauty,West,5,1431.0,10.0,2024-07-15,7155.0,715.5,6439.5,7,2024
198,1151,Electronics,South,5,2392.0,0.0,2024-07-16,11960.0,0.0,11960.0,7,2024
199,1058,Clothing,East,4,1638.0,0.0,2024-07-17,6552.0,0.0,6552.0,7,2024
200,1117,Furniture,South,6,3508.0,0.0,2024-07-18,21048.0,0.0,21048.0,7,2024
201,1159,Electronics,North,6,660.0,0.0,2024-07-19,3960.0,0.0,3960.0,7,2024
202,1095,Beauty,West,3,1199.0,10.0,2024-07-20,3597.0,359.7,3237.3,7,2024
203,1179,Clothing,West,9,2003.0,5.0,2024-07-21,18027.0,901.35,17125.65,7,2024
204,1112,Electronics,North,7,274.0,0.0,2024-07-22,1918.0,0.0,1918.0,7,2024
205,1061,Groceries,South,1,2256.0,15.0,2024-07-23,2256.0,338.4,1917.6,7,2024
206,1185,Furniture,East,7,2330.0,10.0,2024-07-24,16310.0,1631.0,14679.0,7,2024
207,1051,Electronics,East,5,4387.0,10.0,2024-07-25,21935.0,2193.5,19741.5,7,2024
208,1011,Clothing,North,5,4260.0,15.0,2024-07-26,21300.0,3195.0,18105.0,7,2024
209,1038,Groceries,East,2,4020.0,15.0,2024-07-27,8040.0,1206.0,6834.0,7,2024
210,1129,Clothing,South,4,1597.0,15.0,2024-07-28,6388.0,958.2,5429.8,7,2024
211,1130,Clothing,South,6,3954.0,5.0,2024-07-29,23724.0,1186.2,22537.8,7,2024
212,1112,Groceries,North,7,3271.0,0.0,2024-07-30,22897.0,0.0,22897.0,7,2024
213,1100,Clothing,South,5,1667.0,10.0,2024-07-31,8335.0,833.5,7501.5,7,2024
214,1112,Groceries,West,9,1251.0,0.0,2024-08-01,11259.0,0.0,11259.0,8,2024
215,1183,Electronics,North,3,468.0,0.0,2024-08-02,1404.0,0.0,1404.0,8,2024
216,1080,Groceries,South,1,142.0,15.0,2024-08-03,142.0,21.3,120.7,8,2024
217,1186,Groceries,North,4,2007.0,5.0,2024-08-04,8028.0,401.4,7626.6,8,2024
218,1112,Furniture,East,9,3590.0,0.0,2024-08-05,32310.0,0.0,32310.0,8,2024
219,1001,Groceries,South,4,2635.0,5.0,2024-08-06,10540.0,527.0,10013.0,8,2024
220,1129,Groceries,West,2,4273.0,0.0,2024-08-07,8546.0,0.0,8546.0,8,2024
221,1053,Electronics,South,5,2973.0,5.0,2024-08-08,14865.0,743.25,14121.75,8,2024
222,1086,Furniture,North,3,1924.0,15.0,2024-08-09,5772.0,865.8,4906.2,8,2024
223,1128,Beauty,North,9,1393.0,0.0,2024-08-10,12537.0,0.0,12537.0,8,2024
224,1146,Electronics,South,4,4869.0,15.0,2024-08-11,19476.0,2921.4,16554.6,8,2024
225,1125,Electronics,West,6,4896.0,0.0,2024-08-12,29376.0,0.0,29376.0,8,2024
226,1129,Beauty,West,2,4954.0,0.0,2024-08-13,9908.0,0.0,9908.0,8,2024
227,1052,Groceries,West,6,3486.0,0.0,2024-08-14,20916.0,0.0,20916.0,8,2024
228,1171,Clothing,North,3,3072.0,0.0,2024-08-15,9216.0,0.0,9216.0,8,2024
229,1159,Furniture,South,9,4022.0,0.0,2024-08-16,36198.0,0.0,36198.0,8,2024
230,1197,Clothing,East,2,1092.0,5.0,2024-08-17,2184.0,109.2,2074.8,8,2024
231,1159,Beauty,North,9,2486.0,5.0,2024-08-18,22374.0,1118.7,21255.3,8,2024
232,1067,Electronics,West,5,2340.0,0.0,2024-08-19,11700.0,0.0,11700.0,8,2024
233,1182,Electronics,South,8,1576.0,0.0,2024-08-20,12608.0,0.0,12608.0,8,2024
234,1183,Furniture,West,2,3507.0,10.0,2024-08-21,7014.0,701.4,6312.6,8,2024
235,1122,Electronics,East,6,489.0,0.0,2024-08-22,2934.0,0.0,2934.0,8,2024
236,1144,Electronics,West,3,1099.0,0.0,2024-08-23,3297.0,0.0,3297.0,8,2024
237,1037,Furniture,West,5,4720.0,0.0,2024-08-24,23600.0,0.0,23600.0,8,2024
238,1023,Furniture,East,8,1955.0,5.0,2024-08-25,15640.0,782.0,14858.0,8,2024
239,1068,Beauty,South,1,758.0,0.0,2024-08-26,758.0,0.0,758.0,8,2024
240,1115,Electronics,North,5,2863.0,0.0,2024-08-27,14315.0,0.0,14315.0,8,2024
241,1097,Electronics,South,3,3763.0,0.0,2024-08-28,11289.0,0.0,11289.0,8,2024
242,1197,Beauty,East,4,1581.0,0.0,2024-08-29,6324.0,0.0,6324.0,8,2024
243,1138,Groceries,West,2,3831.0,10.0,2024-08-30,7662.0,766.2,6895.8,8,2024
244,1143,Groceries,South,9,551.0,0.0,2024-08-31,4959.0,0.0,4959.0,8,2024
245,1096,Groceries,North,3,2575.0,0.0,2024-09-01,7725.0,0.0,7725.0,9,2024
246,1123,Beauty,East,2,3322.0,10.0,2024-09-02,6644.0,664.4,5979.6,9,2024
247,1186,Electronics,South,9,1637.0,0.0,2024-09-03,14733.0,0.0,14733.0,9,2024
248,1069,Beauty,North,7,3193.0,0.0,2024-09-04,22351.0,0.0,22351.0,9,2024
249,1092,Beauty,East,6,982.0,0.0,2024-09-05,5892.0,0.0,5892.0,9,2024
250,1002,Groceries,North,1,4508.0,10.0,2024-09-06,4508.0,450.8,4057.2,9,2024
251,1147,Clothing,East,5,4168.0,15.0,2024-09-07,20840.0,3126.0,17714.0,9,2024
252,1186,Electronics,West,3,2666.0,0.0,2024-09-08,7998.0,0.0,7998.0,9,2024
253,1163,Groceries,South,1,3377.0,5.0,2024-09-09,3377.0,168.85,3208.15,9,2024
254,1146,Clothing,North,4,474.0,0.0,2024-09-10,1896.0,0.0,1896.0,9,2024
255,1089,Clothing,East,2,4646.0,0.0,2024-09-11,9292.0,0.0,9292.0,9,2024
256,1194,Furniture,North,2,3797.0,5.0,2024-09-12,7594.0,379.7,7214.3,9,2024
257,1146,Electronics,North,3,3162.0,5.0,2024-09-13,9486.0,474.3,9011.7,9,2024
258,1147,Clothing,South,8,4790.0,0.0,2024-09-14,38320.0,0.0,38320.0,9,2024
259,1095,Groceries,West,8,3350.0,5.0,2024-09-15,26800.0,1340.0,25460.0,9,2024
260,1198,Furniture,North,7,4695.0,15.0,2024-09-16,32865.0,4929.75,27935.25,9,2024
261,1051,Electronics,East,6,4659.0,10.0,2024-09-17,27954.0,2795.4,25158.6,9,2024
262,1160,Beauty,East,9,212.0,5.0,2024-09-18,1908.0,95.4,1812.6,9,2024
263,1167,Groceries,West,4,3297.0,5.0,2024-09-19,13188.0,659.4,12528.6,9,2024
264,1127,Clothing,East,1,2478.0,15.0,2024-09-20,2478.0,371.7,2106.3,9,2024
265,1038,Clothing,West,8,2024.0,0.0,2024-09-21,16192.0,0.0,16192.0,9,2024
266,1081,Groceries,East,7,239.0,0.0,2024-09-22,1673.0,0.0,1673.0,9,2024
267,1103,Clothing,South,7,1524.0,0.0,2024-09-23,10668.0,0.0,10668.0,9,2024
268,1128,Furniture,North,3,3049.0,15.0,2024-09-24,9147.0,1372.05,7774.95,9,2024
269,1010,Electronics,South,4,3268.0,10.0,2024-09-25,13072.0,1307.2,11764.8,9,2024
270,1184,Furniture,North,9,616.0,10.0,2024-09-26,5544.0,554.4,4989.6,9,2024
271,1177,Clothing,North,6,2716.0,15.0,2024-09-27,16296.0,2444.4,13851.6,9,2024
272,1150,Beauty,North,5,987.0,10.0,2024-09-28,4935.0,493.5,4441.5,9,2024
273,1158,Electronics,South,3,3204.0,0.0,2024-09-29,9612.0,0.0,9612.0,9,2024
274,1041,Electronics,North,9,149.0,10.0,2024-09-30,1341.0,134.1,1206.9,9,2024
275,1098,Groceries,South,5,4051.0,10.0,2024-10-01,20255.0,2025.5,18229.5,10,2024
276,1006,Groceries,West,5,3660.0,15.0,2024-10-02,18300.0,2745.0,15555.0,10,2024
277,1143,Beauty,East,4,118.0,15.0,2024-10-03,472.0,70.8,401.2,10,2024
278,1089,Electronics,East,4,4921.0,10.0,2024-10-04,19684.0,1968.4,17715.6,10,2024
279,1111,Beauty,North,1,1573.0,5.0,2024-10-05,1573.0,78.65,1494.35,10,2024
280,1059,Groceries,South,7,4161.0,15.0,2024-10-06,29127.0,4369.05,24757.95,10,2024
281,1112,Groceries,East,9,2706.0,0.0,2024-10-07,24354.0,0.0,24354.0,10,2024
282,1001,Electronics,South,3,551.0,0.0,2024-10-08,1653.0,0.0,1653.0,10,2024
283,1128,Furniture,South,2,3865.0,0.0,2024-10-09,7730.0,0.0,7730.0,10,2024
284,1047,Clothing,North,3,2538.0,10.0,2024-10-10,7614.0,761.4,6852.6,10,2024
285,1139,Groceries,East,1,4410.0,5.0,2024-10-11,4410.0,220.5,4189.5,10,2024
286,1196,Groceries,North,6,1649.0,0.0,2024-10-12,9894.0,0.0,9894.0,10,2024
287,1036,Furniture,North,7,3574.0,10.0,2024-10-13,25018.0,2501.8,22516.2,10,2024
288,1159,Furniture,East,2,227.0,15.0,2024-10-14,454.0,68.1,385.9,10,2024
289,1008,Beauty,East,8,4955.0,0.0,2024-10-15,39640.0,0.0,39640.0,10,2024
290,1098,Beauty,West,6,2861.0,5.0,2024-10-16,17166.0,858.3,16307.7,10,2024
291,1146,Clothing,West,4,4556.0,0.0,2024-10-17,18224.0,0.0,18224.0,10,2024
292,1047,Clothing,South,5,4764.0,15.0,2024-10-18,23820.0,3573.0,20247.0,10,2024
293,1130,Electronics,East,8,1515.0,10.0,2024-10-19,12120.0,1212.0,10908.0,10,2024
294,1147,Beauty,West,3,301.0,15.0,2024-10-20,903.0,135.45,767.55,10,2024
295,1151,Groceries,South,3,2469.0,15.0,2024-10-21,7407.0,1111.05,6295.95,10,2024
296,1053,Beauty,South,4,617.0,0.0,2024-10-22,2468.0,0.0,2468.0,10,2024
297,1119,Groceries,South,1,1441.0,5.0,2024-10-23,1441.0,72.05,1368.95,10,2024
298,1160,Furniture,West,9,4876.0,15.0,2024-10-24,43884.0,6582.6,37301.4,10,2024
299,1151,Beauty,East,8,2088.0,0.0,2024-10-25,16704.0,0.0,16704.0,10,2024
300,1115,Furniture,North,8,3645.0,5.0,2024-10-26,29160.0,1458.0,27702.0,10,2024
301,1074,Clothing,South,6,4620.0,10.0,2024-10-27,27720.0,2772.0,24948.0,10,2024
302,1112,Clothing,West,7,3902.0,10.0,2024-10-28,27314.0,2731.4,24582.6,10,2024
303,1199,Electronics,West,6,3375.0,0.0,2024-10-29,20250.0,0.0,20250.0,10,2024
304,1163,Beauty,North,9,3754.0,0.0,2024-10-30,33786.0,0.0,33786.0,10,2024
305,1165,Furniture,North,3,2534.0,5.0,2024-10-31,7602.0,380.1,7221.9,10,2024
306,1103,Groceries,West,3,4973.0,15.0,2024-11-01,14919.0,2237.85,12681.15,11,2024
307,1083,Clothing,East,3,307.0,10.0,2024-11-02,921.0,92.1,828.9,11,2024
308,1111,Clothing,North,3,2733.0,5.0,2024-11-03,8199.0,409.95,7789.05,11,2024
309,1098,Groceries,West,9,4217.0,0.0,2024-11-04,37953.0,0.0,37953.0,11,2024
310,1152,Furniture,North,4,253.0,0.0,2024-11-05,1012.0,0.0,1012.0,11,2024
311,1092,Furniture,East,7,3466.0,10.0,2024-11-06,24262.0,2426.2,21835.8,11,2024
312,1145,Beauty,South,9,4414.0,5.0,2024-11-07,39726.0,1986.3,37739.7,11,2024
313,1127,Beauty,North,7,4864.0,5.0,2024-11-08,34048.0,1702.4,32345.6,11,2024
314,1109,Electronics,East,9,1618.0,5.0,2024-11-09,14562.0,728.1,13833.9,11,2024
315,1081,Clothing,West,3,2700.0,0.0,2024-11-10,8100.0,0.0,8100.0,11,2024
316,1193,Beauty,North,4,2295.0,0.0,2024-11-11,9180.0,0.0,9180.0,11,2024
317,1053,Furniture,North,8,4598.0,0.0,2024-11-12,36784.0,0.0,36784.0,11,2024
318,1162,Groceries,West,6,4791.0,15.0,2024-11-13,28746.0,4311.9,24434.1,11,2024
319,1188,Furniture,South,5,3654.0,5.0,2024-11-14,18270.0,913.5,17356.5,11,2024
320,1168,Clothing,West,4,2514.0,10.0,2024-11-15,10056.0,1005.6,9050.4,11,2024
321,1160,Furniture,North,8,2949.0,0.0,2024-11-16,23592.0,0.0,23592.0,11,2024
322,1067,Electronics,West,1,1842.0,0.0,2024-11-17,1842.0,0.0,1842.0,11,2024
323,1032,Clothing,East,9,1406.0,5.0,2024-11-18,12654.0,632.7,12021.3,11,2024
324,1141,Groceries,West,1,3949.0,0.0,2024-11-19,3949.0,0.0,3949.0,11,2024
325,1020,Electronics,North,8,4268.0,15.0,2024-11-20,34144.0,5121.6,29022.4,11,2024
326,1047,Clothing,West,4,4676.0,15.0,2024-11-21,18704.0,2805.6,15898.4,11,2024
327,1147,Groceries,South,9,4755.0,0.0,2024-11-22,42795.0,0.0,42795.0,11,2024
328,1127,Electronics,West,5,4940.0,5.0,2024-11-23,24700.0,1235.0,23465.0,11,2024
329,1135,Electronics,South,3,4295.0,5.0,2024-11-24,12885.0,644.25,12240.75,11,2024
330,1134,Clothing,East,9,2655.0,5.0,2024-11-25,23895.0,1194.75,22700.25,11,2024
331,1194,Beauty,South,9,2405.0,0.0,2024-11-26,21645.0,0.0,21645.0,11,2024
332,1144,Electronics,West,4,4608.0,0.0,2024-11-27,18432.0,0.0,18432.0,11,2024
333,1127,Electronics,North,4,1188.0,5.0,2024-11-28,4752.0,237.6,4514.4,11,2024
334,1032,Groceries,South,8,2742.0,15.0,2024-11-29,21936.0,3290.4,18645.6,11,2024
335,1175,Furniture,East,2,1277.0,10.0,2024-11-30,2554.0,255.4,2298.6,11,2024
336,1186,Clothing,South,9,4857.0,10.0,2024-12-01,43713.0,4371.3,39341.7,12,2024
337,1114,Clothing,South,6,3094.0,5.0,2024-12-02,18564.0,928.2,17635.8,12,2024
338,1118,Beauty,South,9,659.0,10.0,2024-12-03,5931.0,593.1,5337.9,12,2024
339,1021,Beauty,East,8,3064.0,10.0,2024-12-04,24512.0,2451.2,22060.8,12,2024
340,1157,Clothing,West,7,1371.0,0.0,2024-12-05,9597.0,0.0,9597.0,12,2024
341,1037,Beauty,South,1,1913.0,15.0,2024-12-06,1913.0,286.95,1626.05,12,2024
342,1108,Groceries,South,3,3015.0,15.0,2024-12-07,9045.0,1356.75,7688.25,12,2024
343,1050,Clothing,North,2,709.0,0.0,2024-12-08,1418.0,0.0,1418.0,12,2024
344,1181,Beauty,East,5,2561.0,0.0,2024-12-09,12805.0,0.0,12805.0,12,2024
345,1007,Clothing,South,5,4220.0,10.0,2024-12-10,21100.0,2110.0,18990.0,12,2024
346,1026,Furniture,East,5,383.0,0.0,2024-12-11,1915.0,0.0,1915.0,12,2024
347,1026,Electronics,South,4,3028.0,10.0,2024-12-12,12112.0,1211.2,10900.8,12,2024
348,1020,Clothing,West,5,4496.0,0.0,2024-12-13,22480.0,0.0,22480.0,12,2024
349,1029,Electronics,West,3,1191.0,15.0,2024-12-14,3573.0,535.95,3037.05,12,2024
350,1096,Beauty,South,1,916.0,10.0,2024-12-15,916.0,91.6,824.4,12,2024
351,1027,Electronics,West,5,182.0,0.0,2024-12-16,910.0,0.0,910.0,12,2024
352,1110,Clothing,South,9,2020.0,10.0,2024-12-17,18180.0,1818.0,16362.0,12,2024
353,1191,Furniture,West,9,3591.0,5.0,2024-12-18,32319.0,1615.95,30703.05,12,2024
354,1196,Beauty,North,4,3244.0,10.0,2024-12-19,12976.0,1297.6,11678.4,12,2024
355,1060,Clothing,North,3,2193.0,0.0,2024-12-20,6579.0,0.0,6579.0,12,2024
356,1047,Beauty,North,1,4813.0,15.0,2024-12-21,4813.0,721.95,4091.05,12,2024
357,1146,Groceries,East,2,275.0,15.0,2024-12-22,550.0,82.5,467.5,12,2024
358,1003,Electronics,East,8,2804.0,0.0,2024-12-23,22432.0,0.0,22432.0,12,2024
359,1034,Groceries,North,1,469.0,5.0,2024-12-24,469.0,23.45,445.55,12,2024
360,1191,Clothing,East,8,1918.0,0.0,2024-12-25,15344.0,0.0,15344.0,12,2024
361,1048,Furniture,West,7,2201.0,10.0,2024-12-26,15407.0,1540.7,13866.3,12,2024
362,1016,Beauty,South,8,4885.0,0.0,2024-12-27,39080.0,0.0,39080.0,12,2024
363,1171,Electronics,South,6,3590.0,0.0,2024-12-28,21540.0,0.0,21540.0,12,2024
364,1157,Beauty,South,9,1879.0,5.0,2024-12-29,16911.0,845.55,16065.45,12,2024
365,1045,Clothing,North,3,1464.0,10.0,2024-12-30,4392.0,439.2,3952.8,12,2024
366,1116,Beauty,East,4,4562.0,0.0,2024-12-31,18248.0,0.0,18248.0,12,2024
367,1005,Electronics,West,6,3442.0,0.0,2025-01-01,20652.0,0.0,20652.0,1,2025
368,1098,Clothing,West,8,4839.0,15.0,2025-01-02,38712.0,5806.8,32905.2,1,2025
369,1123,Beauty,North,5,3776.0,0.0,2025-01-03,18880.0,0.0,18880.0,1,2025
370,1036,Furniture,West,3,2526.0,15.0,2025-01-04,7578.0,1136.7,6441.3,1,2025
371,1023,Clothing,West,6,172.0,5.0,2025-01-05,1032.0,51.6,980.4,1,2025
372,1092,Clothing,West,4,3062.0,0.0,2025-01-06,12248.0,0.0,12248.0,1,2025
373,1045,Furniture,West,9,959.0,0.0,2025-01-07,8631.0,0.0,8631.0,1,2025
374,1180,Groceries,East,3,3956.0,5.0,2025-01-08,11868.0,593.4,11274.6,1,2025
375,1094,Electronics,West,4,4238.0,5.0,2025-01-09,16952.0,847.6,16104.4,1,2025
376,1098,Groceries,South,7,2524.0,0.0,2025-01-10,17668.0,0.0,17668.0,1,2025
377,1187,Beauty,North,7,1164.0,5.0,2025-01-11,8148.0,407.4,7740.6,1,2025
378,1115,Furniture,East,4,2317.0,0.0,2025-01-12,9268.0,0.0,9268.0,1,2025
379,1190,Groceries,West,6,4117.0,0.0,2025-01-13,24702.0,0.0,24702.0,1,2025
380,1159,Clothing,East,3,2359.0,10.0,2025-01-14,7077.0,707.7,6369.3,1,2025
381,1160,Beauty,West,6,3851.0,15.0,2025-01-15,23106.0,3465.9,19640.1,1,2025
382,1066,Beauty,South,2,2186.0,5.0,2025-01-16,4372.0,218.6,4153.4,1,2025
383,1127,Groceries,North,8,468.0,5.0,2025-01-17,3744.0,187.2,3556.8,1,2025
384,1017,Groceries,West,2,2904.0,10.0,2025-01-18,5808.0,580.8,5227.2,1,2025
385,1024,Furniture,West,7,250.0,10.0,2025-01-19,1750.0,175.0,1575.0,1,2025
386,1053,Electronics,West,9,1234.0,10.0,2025-01-20,11106.0,1110.6,9995.4,1,2025
387,1057,Groceries,West,1,2884.0,0.0,2025-01-21,2884.0,0.0,2884.0,1,2025
388,1066,Groceries,North,8,4264.0,0.0,2025-01-22,34112.0,0.0,34112.0,1,2025
389,1103,Clothing,North,7,2446.0,0.0,2025-01-23,17122.0,0.0,17122.0,1,2025
390,1173,Beauty,South,6,4997.0,0.0,2025-01-24,29982.0,0.0,29982.0,1,2025
391,1023,Electronics,North,6,2350.0,5.0,2025-01-25,14100.0,705.0,13395.0,1,2025
392,1113,Clothing,West,6,160.0,15.0,2025-01-26,960.0,144.0,816.0,1,2025
393,1031,Furniture,South,9,3110.0,0.0,2025-01-27,27990.0,0.0,27990.0,1,2025
394,1174,Furniture,South,2,4001.0,5.0,2025-01-28,8002.0,400.1,7601.9,1,2025
395,1085,Groceries,South,1,1437.0,5.0,2025-01-29,1437.0,71.85,1365.15,1,2025
396,1150,Groceries,West,6,1284.0,10.0,2025-01-30,7704.0,770.4,6933.6,1,2025
397,1193,Furniture,East,8,4526.0,10.0,2025-01-31,36208.0,3620.8,32587.2,1,2025
398,1126,Groceries,West,3,1651.0,0.0,2025-02-01,4953.0,0.0,4953.0,2,2025
399,1154,Electronics,North,1,4533.0,10.0,2025-02-02,4533.0,453.3,4079.7,2,2025
400,1129,Groceries,North,9,1729.0,5.0,2025-02-03,15561.0,778.05,14782.95,2,2025
401,1016,Beauty,West,1,1427.0,10.0,2025-02-04,1427.0,142.7,1284.3,2,2025
402,1103,Groceries,West,3,1626.0,0.0,2025-02-05,4878.0,0.0,4878.0,2,2025
403,1160,Clothing,South,8,1773.0,10.0,2025-02-06,14184.0,1418.4,12765.6,2,2025
404,1136,Electronics,West,3,1461.0,5.0,2025-02-07,4383.0,219.15,4163.85,2,2025
405,1042,Clothing,South,4,1673.0,0.0,2025-02-08,6692.0,0.0,6692.0,2,2025
406,1175,Clothing,North,8,2786.0,15.0,2025-02-09,22288.0,3343.2,18944.8,2,2025
407,1038,Beauty,South,1,4470.0,10.0,2025-02-10,4470.0,447.0,4023.0,2,2025
408,1169,Electronics,West,6,2466.0,5.0,2025-02-11,14796.0,739.8,14056.2,2,2025
409,1025,Electronics,North,1,3857.0,15.0,2025-02-12,3857.0,578.55,3278.45,2,2025
410,1098,Electronics,East,1,2534.0,15.0,2025-02-13,2534.0,380.1,2153.9,2,2025
411,1049,Electronics,South,8,2093.0,0.0,2025-02-14,16744.0,0.0,16744.0,2,2025
412,1152,Electronics,North,4,969.0,15.0,2025-02-15,3876.0,581.4,3294.6,2,2025
413,1151,Beauty,South,1,1114.0,5.0,2025-02-16,1114.0,55.7,1058.3,2,2025
414,1012,Groceries,North,7,2011.0,5.0,2025-02-17,14077.0,703.85,13373.15,2,2025
415,1059,Clothing,North,5,702.0,10.0,2025-02-18,3510.0,351.0,3159.0,2,2025
416,1134,Electronics,South,5,3921.0,10.0,2025-02-19,19605.0,1960.5,17644.5,2,2025
417,1056,Groceries,East,1,790.0,10.0,2025-02-20,790.0,79.0,711.0,2,2025
418,1035,Groceries,North,6,593.0,15.0,2025-02-21,3558.0,533.7,3024.3,2,2025
419,1172,Clothing,North,9,589.0,15.0,2025-02-22,5301.0,795.15,4505.85,2,2025
420,1019,Beauty,North,9,2656.0,0.0,2025-02-23,23904.0,0.0,23904.0,2,2025
421,1064,Furniture,East,8,4585.0,10.0,2025-02-24,36680.0,3668.0,33012.0,2,2025
422,1007,Furniture,East,5,394.0,0.0,2025-02-25,1970.0,0.0,1970.0,2,2025
423,1143,Groceries,West,1,4127.0,0.0,2025-02-26,4127.0,0.0,4127.0,2,2025
424,1141,Clothing,South,9,2943.0,0.0,2025-02-27,26487.0,0.0,26487.0,2,2025
425,1114,Furniture,East,1,3012.0,15.0,2025-02-28,3012.0,451.8,2560.2,2,2025
426,1142,Groceries,South,8,1817.0,0.0,2025-03-01,14536.0,0.0,14536.0,3,2025
427,1091,Beauty,West,5,2696.0,0.0,2025-03-02,13480.0,0.0,13480.0,3,2025
428,1097,Furniture,South,3,4844.0,5.0,2025-03-03,14532.0,726.6,13805.4,3,2025
429,1065,Groceries,East,7,1973.0,15.0,2025-03-04,13811.0,2071.65,11739.35,3,2025
430,1031,Groceries,South,7,4763.0,15.0,2025-03-05,33341.0,5001.15,28339.85,3,2025
431,1190,Electronics,East,9,3358.0,0.0,2025-03-06,30222.0,0.0,30222.0,3,2025
432,1085,Beauty,South,7,2917.0,15.0,2025-03-07,20419.0,3062.85,17356.15,3,2025
433,1050,Electronics,East,3,544.0,0.0,2025-03-08,1632.0,0.0,1632.0,3,2025
434,1152,Clothing,East,1,3741.0,5.0,2025-03-09,3741.0,187.05,3553.95,3,2025
435,1185,Electronics,South,8,4558.0,0.0,2025-03-10,36464.0,0.0,36464.0,3,2025
436,1062,Electronics,West,3,841.0,15.0,2025-03-11,2523.0,378.45,2144.55,3,2025
437,1189,Furniture,North,8,2141.0,15.0,2025-03-12,17128.0,2569.2,14558.8,3,2025
438,1124,Groceries,West,8,779.0,0.0,2025-03-13,6232.0,0.0,6232.0,3,2025
439,1149,Beauty,South,5,2567.0,0.0,2025-03-14,12835.0,0.0,12835.0,3,2025
440,1057,Electronics,West,1,3797.0,0.0,2025-03-15,3797.0,0.0,3797.0,3,2025
441,1057,Beauty,East,7,1458.0,10.0,2025-03-16,10206.0,1020.6,9185.4,3,2025
442,1085,Electronics,North,5,162.0,15.0,2025-03-17,810.0,121.5,688.5,3,2025
443,1048,Clothing,South,8,2659.0,15.0,2025-03-18,21272.0,3190.8,18081.2,3,2025
444,1179,Electronics,South,9,3869.0,10.0,2025-03-19,34821.0,3482.1,31338.9,3,2025
445,1169,Furniture,South,7,4451.0,0.0,2025-03-20,31157.0,0.0,31157.0,3,2025
446,1069,Groceries,North,7,234.0,5.0,2025-03-21,1638.0,81.9,1556.1,3,2025
447,1014,Clothing,East,1,3744.0,0.0,2025-03-22,3744.0,0.0,3744.0,3,2025
448,1053,Electronics,South,4,2235.0,0.0,2025-03-23,8940.0,0.0,8940.0,3,2025
449,1187,Beauty,West,2,3378.0,10.0,2025-03-24,6756.0,675.6,6080.4,3,2025
450,1100,Clothing,South,2,922.0,15.0,2025-03-25,1844.0,276.6,1567.4,3,2025
451,1007,Clothing,South,2,3174.0,0.0,2025-03-26,6348.0,0.0,6348.0,3,2025
452,1052,Electronics,South,4,3081.0,15.0,2025-03-27,12324.0,1848.6,10475.4,3,2025
453,1059,Clothing,South,1,220.0,0.0,2025-03-28,220.0,0.0,220.0,3,2025
454,1107,Beauty,East,4,1737.0,15.0,2025-03-29,6948.0,1042.2,5905.8,3,2025
455,1004,Clothing,West,2,1024.0,5.0,2025-03-30,2048.0,102.4,1945.6,3,2025
456,1102,Beauty,East,5,744.0,5.0,2025-03-31,3720.0,186.0,3534.0,3,2025
457,1195,Electronics,West,3,2132.0,0.0,2025-04-01,6396.0,0.0,6396.0,4,2025
458,1005,Groceries,South,8,2861.0,15.0,2025-04-02,22888.0,3433.2,19454.8,4,2025
459,1108,Clothing,North,4,2168.0,0.0,2025-04-03,8672.0,0.0,8672.0,4,2025
460,1115,Groceries,East,1,341.0,10.0,2025-04-04,341.0,34.1,306.9,4,2025
461,1093,Beauty,North,1,2768.0,5.0,2025-04-05,2768.0,138.4,2629.6,4,2025
462,1046,Clothing,East,3,902.0,0.0,2025-04-06,2706.0,0.0,2706.0,4,2025
463,1098,Furniture,South,9,4264.0,10.0,2025-04-07,38376.0,3837.6,34538.4,4,2025
464,1054,Groceries,East,7,295.0,0.0,2025-04-08,2065.0,0.0,2065.0,4,2025
465,1167,Clothing,South,2,2287.0,15.0,2025-04-09,4574.0,686.1,3887.9,4,2025
466,1051,Groceries,East,9,3615.0,15.0,2025-04-10,32535.0,4880.25,27654.75,4,2025
467,1143,Clothing,South,2,2430.0,15.0,2025-04-11,4860.0,729.0,4131.0,4,2025
468,1012,Electronics,South,3,2459.0,15.0,2025-04-12,7377.0,1106.55,6270.45,4,2025
469,1113,Groceries,West,2,4941.0,0.0,2025-04-13,9882.0,0.0,9882.0,4,2025
470,1123,Furniture,South,3,3706.0,10.0,2025-04-14,11118.0,1111.8,10006.2,4,2025
471,1105,Furniture,West,6,376.0,10.0,2025-04-15,2256.0,225.6,2030.4,4,2025
472,1157,Beauty,South,9,160.0,15.0,2025-04-16,1440.0,216.0,1224.0,4,2025
473,1146,Clothing,North,9,3490.0,0.0,2025-04-17,31410.0,0.0,31410.0,4,2025
474,1144,Groceries,South,7,2013.0,15.0,2025-04-18,14091.0,2113.65,11977.35,4,2025
475,1119,Beauty,North,3,4027.0,0.0,2025-04-19,12081.0,0.0,12081.0,4,2025
476,1062,Groceries,North,4,2691.0,15.0,2025-04-20,10764.0,1614.6,9149.4,4,2025
477,1018,Clothing,South,6,666.0,5.0,2025-04-21,3996.0,199.8,3796.2,4,2025
478,1091,Furniture,North,5,4035.0,5.0,2025-04-22,20175.0,1008.75,19166.25,4,2025
479,1057,Electronics,West,2,1671.0,0.0,2025-04-23,3342.0,0.0,3342.0,4,2025
480,1182,Furniture,East,6,4817.0,15.0,2025-04-24,28902.0,4335.3,24566.7,4,2025
481,1089,Beauty,South,3,1300.0,10.0,2025-04-25,3900.0,390.0,3510.0,4,2025
482,1116,Electronics,North,8,4509.0,0.0,2025-04-26,36072.0,0.0,36072.0,4,2025
483,1061,Beauty,South,2,2954.0,5.0,2025-04-27,5908.0,295.4,5612.6,4,2025
484,1022,Clothing,West,1,2995.0,15.0,2025-04-28,2995.0,449.25,2545.75,4,2025
485,1126,Electronics,South,9,1336.0,0.0,2025-04-29,12024.0,0.0,12024.0,4,2025
486,1136,Beauty,South,3,236.0,15.0,2025-04-30,708.0,106.2,601.8,4,2025
487,1139,Clothing,North,1,1129.0,5.0,2025-05-01,1129.0,56.45,1072.55,5,2025
488,1128,Furniture,West,7,2256.0,0.0,2025-05-02,15792.0,0.0,15792.0,5,2025
489,1057,Clothing,East,5,2694.0,5.0,2025-05-03,13470.0,673.5,12796.5,5,2025
490,1121,Groceries,East,5,761.0,0.0,2025-05-04,3805.0,0.0,3805.0,5,2025
491,1000,Clothing,North,1,2572.0,5.0,2025-05-05,2572.0,128.6,2443.4,5,2025
492,1033,Clothing,South,9,2777.0,15.0,2025-05-06,24993.0,3748.95,21244.05,5,2025
493,1095,Groceries,North,7,2408.0,10.0,2025-05-07,16856.0,1685.6,15170.4,5,2025
494,1125,Beauty,North,8,186.0,5.0,2025-05-08,1488.0,74.4,1413.6,5,2025
495,1117,Beauty,North,9,2612.0,10.0,2025-05-09,23508.0,2350.8,21157.2,5,2025
496,1047,Clothing,South,6,3042.0,0.0,2025-05-10,18252.0,0.0,18252.0,5,2025
497,1088,Groceries,West,5,2873.0,0.0,2025-05-11,14365.0,0.0,14365.0,5,2025
498,1116,Groceries,North,6,2604.0,0.0,2025-05-12,15624.0,0.0,15624.0,5,2025
499,1128,Furniture,South,2,3410.0,10.0,2025-05-13,6820.0,682.0,6138.0,5,2025
500,1015,Beauty,West,4,1800.0,0.0,2025-05-14,7200.0,0.0,7200.0,5,2025
501,1188,Electronics,North,3,3770.0,5.0,2025-05-15,11310.0,565.5,10744.5,5,2025
502,1191,Beauty,East,7,2800.0,10.0,2025-05-16,19600.0,1960.0,17640.0,5,2025
503,1190,Beauty,West,9,3729.0,15.0,2025-05-17,33561.0,5034.15,28526.85,5,2025
504,1068,Furniture,North,5,4690.0,5.0,2025-05-18,23450.0,1172.5,22277.5,5,2025
505,1021,Electronics,West,6,1747.0,5.0,2025-05-19,10482.0,524.1,9957.9,5,2025
506,1092,Furniture,West,2,3418.0,5.0,2025-05-20,6836.0,341.8,6494.2,5,2025
507,1194,Electronics,West,3,3787.0,15.0,2025-05-21,11361.0,1704.15,9656.85,5,2025
508,1075,Clothing,West,3,696.0,0.0,2025-05-22,2088.0,0.0,2088.0,5,2025
509,1153,Electronics,West,9,4645.0,0.0,2025-05-23,41805.0,0.0,41805.0,5,2025
510,1143,Furniture,West,7,584.0,10.0,2025-05-24,4088.0,408.8,3679.2,5,2025
511,1178,Beauty,North,8,745.0,0.0,2025-05-25,5960.0,0.0,5960.0,5,2025
512,1085,Electronics,East,9,3189.0,10.0,2025-05-26,28701.0,2870.1,25830.9,5,2025
513,1184,Electronics,South,6,4857.0,0.0,2025-05-27,29142.0,0.0,29142.0,5,2025
514,1028,Groceries,West,4,4953.0,15.0,2025-05-28,19812.0,2971.8,16840.2,5,2025
515,1068,Beauty,South,1,4484.0,5.0,2025-05-29,4484.0,224.2,4259.8,5,2025
516,1046,Clothing,North,8,820.0,5.0,2025-05-30,6560.0,328.0,6232.0,5,2025
517,1093,Furniture,West,7,4833.0,15.0,2025-05-31,33831.0,5074.65,28756.35,5,2025
518,1189,Clothing,East,2,598.0,0.0,2025-06-01,1196.0,0.0,1196.0,6,2025
519,1196,Beauty,South,8,4829.0,0.0,2025-06-02,38632.0,0.0,38632.0,6,2025
520,1143,Electronics,West,5,1773.0,10.0,2025-06-03,8865.0,886.5,7978.5,6,2025
521,1175,Electronics,North,7,3167.0,15.0,2025-06-04,22169.0,3325.35,18843.65,6,2025
522,1084,Beauty,East,4,214.0,0.0,2025-06-05,856.0,0.0,856.0,6,2025
523,1038,Electronics,South,5,3079.0,15.0,2025-06-06,15395.0,2309.25,13085.75,6,2025
524,1099,Electronics,South,8,4869.0,0.0,2025-06-07,38952.0,0.0,38952.0,6,2025
525,1032,Electronics,West,1,1836.0,5.0,2025-06-08,1836.0,91.8,1744.2,6,2025
526,1100,Furniture,East,1,3711.0,5.0,2025-06-09,3711.0,185.55,3525.45,6,2025
527,1022,Furniture,East,4,2353.0,5.0,2025-06-10,9412.0,470.6,8941.4,6,2025
528,1009,Groceries,East,3,2394.0,15.0,2025-06-11,7182.0,1077.3,6104.7,6,2025
529,1068,Clothing,East,2,3730.0,15.0,2025-06-12,7460.0,1119.0,6341.0,6,2025
530,1099,Beauty,North,3,246.0,10.0,2025-06-13,738.0,73.8,664.2,6,2025
531,1033,Beauty,East,1,4082.0,5.0,2025-06-14,4082.0,204.1,3877.9,6,2025
532,1179,Beauty,South,1,3553.0,10.0,2025-06-15,3553.0,355.3,3197.7,6,2025
533,1137,Groceries,South,6,4607.0,5.0,2025-06-16,27642.0,1382.1,26259.9,6,2025
534,1146,Furniture,North,5,2510.0,10.0,2025-06-17,12550.0,1255.0,11295.0,6,2025
535,1185,Groceries,South,8,236.0,10.0,2025-06-18,1888.0,188.8,1699.2,6,2025
536,1095,Beauty,South,2,3460.0,0.0,2025-06-19,6920.0,0.0,6920.0,6,2025
537,1000,Clothing,East,4,3105.0,10.0,2025-06-20,12420.0,1242.0,11178.0,6,2025
538,1068,Electronics,South,8,3652.0,15.0,2025-06-21,29216.0,4382.4,24833.6,6,2025
539,1003,Furniture,North,6,118.0,10.0,2025-06-22,708.0,70.8,637.2,6,2025
540,1015,Furniture,East,1,2342.0,5.0,2025-06-23,2342.0,117.1,2224.9,6,2025
541,1023,Groceries,West,4,548.0,10.0,2025-06-24,2192.0,219.2,1972.8,6,2025
542,1079,Furniture,East,1,2048.0,0.0,2025-06-25,2048.0,0.0,2048.0,6,2025
543,1001,Beauty,North,2,1045.0,5.0,2025-06-26,2090.0,104.5,1985.5,6,2025
544,1127,Beauty,East,5,4336.0,0.0,2025-06-27,21680.0,0.0,21680.0,6,2025
545,1159,Groceries,East,8,2020.0,5.0,2025-06-28,16160.0,808.0,15352.0,6,2025
546,1083,Beauty,North,8,3077.0,15.0,2025-06-29,24616.0,3692.4,20923.6,6,2025
547,1151,Clothing,East,3,4288.0,15.0,2025-06-30,12864.0,1929.6,10934.4,6,2025
548,1139,Groceries,North,4,4115.0,15.0,2025-07-01,16460.0,2469.0,13991.0,7,2025
549,1177,Clothing,North,6,338.0,0.0,2025-07-02,2028.0,0.0,2028.0,7,2025
550,1162,Electronics,West,3,304.0,0.0,2025-07-03,912.0,0.0,912.0,7,2025
551,1123,Clothing,South,2,2707.0,5.0,2025-07-04,5414.0,270.7,5143.3,7,2025
552,1032,Electronics,South,6,4440.0,15.0,2025-07-05,26640.0,3996.0,22644.0,7,2025
553,1160,Electronics,East,5,3488.0,5.0,2025-07-06,17440.0,872.0,16568.0,7,2025
554,1188,Clothing,East,5,3072.0,0.0,2025-07-07,15360.0,0.0,15360.0,7,2025
555,1178,Groceries,West,5,4490.0,0.0,2025-07-08,22450.0,0.0,22450.0,7,2025
556,1170,Beauty,West,5,2787.0,0.0,2025-07-09,13935.0,0.0,13935.0,7,2025
557,1100,Beauty,West,3,4266.0,5.0,2025-07-10,12798.0,639.9,12158.1,7,2025
558,1011,Electronics,North,7,1448.0,0.0,2025-07-11,10136.0,0.0,10136.0,7,2025
559,1066,Electronics,West,6,4500.0,0.0,2025-07-12,27000.0,0.0,27000.0,7,2025
560,1064,Groceries,West,4,916.0,0.0,2025-07-13,3664.0,0.0,3664.0,7,2025
561,1160,Furniture,East,2,920.0,15.0,2025-07-14,1840.0,276.0,1564.0,7,2025
562,1167,Clothing,West,9,292.0,5.0,2025-07-15,2628.0,131.4,2496.6,7,2025
563,1073,Electronics,North,1,1876.0,10.0,2025-07-16,1876.0,187.6,1688.4,7,2025
564,1042,Beauty,North,4,3745.0,10.0,2025-07-17,14980.0,1498.0,13482.0,7,2025
565,1043,Groceries,East,1,4724.0,0.0,2025-07-18,4724.0,0.0,4724.0,7,2025
566,1028,Clothing,West,6,350.0,5.0,2025-07-19,2100.0,105.0,1995.0,7,2025
567,1140,Groceries,West,4,1888.0,5.0,2025-07-20,7552.0,377.6,7174.4,7,2025
568,1011,Clothing,North,5,3800.0,0.0,2025-07-21,19000.0,0.0,19000.0,7,2025
569,1094,Clothing,West,5,2563.0,5.0,2025-07-22,12815.0,640.75,12174.25,7,2025
570,1045,Electronics,West,9,1267.0,15.0,2025-07-23,11403.0,1710.45,9692.55,7,2025
571,1129,Groceries,West,1,3993.0,0.0,2025-07-24,3993.0,0.0,3993.0,7,2025
572,1034,Groceries,South,2,1196.0,15.0,2025-07-25,2392.0,358.8,2033.2,7,2025
573,1080,Beauty,East,6,2779.0,5.0,2025-07-26,16674.0,833.7,15840.3,7,2025
574,1089,Beauty,South,5,1947.0,0.0,2025-07-27,9735.0,0.0,9735.0,7,2025
575,1007,Electronics,East,7,4004.0,5.0,2025-07-28,28028.0,1401.4,26626.6,7,2025
576,1092,Electronics,North,3,604.0,0.0,2025-07-29,1812.0,0.0,1812.0,7,2025
577,1153,Furniture,West,3,1721.0,5.0,2025-07-30,5163.0,258.15,4904.85,7,2025
578,1089,Beauty,East,2,2572.0,15.0,2025-07-31,5144.0,771.6,4372.4,7,2025
579,1161,Clothing,South,3,2646.0,15.0,2025-08-01,7938.0,1190.7,6747.3,8,2025
580,1114,Groceries,West,1,1487.0,5.0,2025-08-02,1487.0,74.35,1412.65,8,2025
581,1104,Electronics,North,5,3094.0,0.0,2025-08-03,15470.0,0.0,15470.0,8,2025
582,1134,Groceries,East,5,3916.0,10.0,2025-08-04,19580.0,1958.0,17622.0,8,2025
583,1195,Groceries,East,7,817.0,15.0,2025-08-05,5719.0,857.85,4861.15,8,2025
584,1057,Furniture,East,4,3584.0,15.0,2025-08-06,14336.0,2150.4,12185.6,8,2025
585,1113,Beauty,West,3,4534.0,10.0,2025-08-07,13602.0,1360.2,12241.8,8,2025
586,1074,Electronics,South,1,758.0,5.0,2025-08-08,758.0,37.9,720.1,8,2025
587,1156,Groceries,South,8,4108.0,0.0,2025-08-09,32864.0,0.0,32864.0,8,2025
588,1119,Electronics,East,3,4624.0,5.0,2025-08-10,13872.0,693.6,13178.4,8,2025
589,1163,Clothing,North,2,4334.0,0.0,2025-08-11,8668.0,0.0,8668.0,8,2025
590,1020,Furniture,North,4,3864.0,15.0,2025-08-12,15456.0,2318.4,13137.6,8,2025
591,1163,Clothing,South,3,3089.0,0.0,2025-08-13,9267.0,0.0,9267.0,8,2025
592,1137,Electronics,North,1,4737.0,15.0,2025-08-14,4737.0,710.55,4026.45,8,2025
593,1100,Electronics,South,3,2204.0,15.0,2025-08-15,6612.0,991.8,5620.2,8,2025
594,1151,Beauty,East,2,1355.0,0.0,2025-08-16,2710.0,0.0,2710.0,8,2025
595,1191,Groceries,South,8,2582.0,0.0,2025-08-17,20656.0,0.0,20656.0,8,2025
596,1176,Groceries,South,6,483.0,5.0,2025-08-18,2898.0,144.9,2753.1,8,2025
597,1098,Clothing,East,9,2707.0,0.0,2025-08-19,24363.0,0.0,24363.0,8,2025
598,1035,Furniture,North,8,293.0,5.0,2025-08-20,2344.0,117.2,2226.8,8,2025
599,1095,Groceries,South,3,3907.0,5.0,2025-08-21,11721.0,586.05,11134.95,8,2025
600,1151,Beauty,South,5,3819.0,5.0,2025-08-22,19095.0,954.75,18140.25,8,2025
601,1150,Clothing,East,7,2681.0,15.0,2025-08-23,18767.0,2815.05,15951.95,8,2025
602,1189,Clothing,North,5,2665.0,15.0,2025-08-24,13325.0,1998.75,11326.25,8,2025
603,1036,Beauty,South,8,2863.0,0.0,2025-08-25,22904.0,0.0,22904.0,8,2025
604,1011,Furniture,East,5,2898.0,15.0,2025-08-26,14490.0,2173.5,12316.5,8,2025
605,1112,Beauty,South,1,2439.0,0.0,2025-08-27,2439.0,0.0,2439.0,8,2025
606,1182,Furniture,West,5,3506.0,15.0,2025-08-28,17530.0,2629.5,14900.5,8,2025
607,1012,Beauty,East,4,831.0,0.0,2025-08-29,3324.0,0.0,3324.0,8,2025
608,1022,Beauty,North,6,2972.0,0.0,2025-08-30,17832.0,0.0,17832.0,8,2025
609,1098,Electronics,North,3,3220.0,0.0,2025-08-31,9660.0,0.0,9660.0,8,2025
610,1104,Clothing,North,5,4880.0,15.0,2025-09-01,24400.0,3660.0,20740.0,9,2025
611,1029,Beauty,North,2,4277.0,15.0,2025-09-02,8554.0,1283.1,7270.9,9,2025
612,1016,Beauty,South,6,2704.0,5.0,2025-09-03,16224.0,811.2,15412.8,9,2025
613,1112,Groceries,South,6,2482.0,10.0,2025-09-04,14892.0,1489.2,13402.8,9,2025
614,1061,Clothing,North,5,631.0,0.0,2025-09-05,3155.0,0.0,3155.0,9,2025
615,1083,Groceries,North,6,4416.0,10.0,2025-09-06,26496.0,2649.6,23846.4,9,2025
616,1111,Clothing,North,7,734.0,10.0,2025-09-07,5138.0,513.8,4624.2,9,2025
617,1085,Groceries,South,5,1869.0,0.0,2025-09-08,9345.0,0.0,9345.0,9,2025
618,1140,Beauty,North,1,3904.0,15.0,2025-09-09,3904.0,585.6,3318.4,9,2025
619,1186,Beauty,North,8,2470.0,0.0,2025-09-10,19760.0,0.0,19760.0,9,2025
620,1018,Electronics,West,4,102.0,10.0,2025-09-11,408.0,40.8,367.2,9,2025
621,1176,Groceries,West,9,305.0,15.0,2025-09-12,2745.0,411.75,2333.25,9,2025
622,1099,Furniture,North,6,4235.0,0.0,2025-09-13,25410.0,0.0,25410.0,9,2025
623,1139,Electronics,East,1,2721.0,0.0,2025-09-14,2721.0,0.0,2721.0,9,2025
624,1188,Groceries,North,3,4839.0,0.0,2025-09-15,14517.0,0.0,14517.0,9,2025
625,1146,Groceries,West,3,2990.0,15.0,2025-09-16,8970.0,1345.5,7624.5,9,2025
626,1075,Electronics,East,4,3293.0,0.0,2025-09-17,13172.0,0.0,13172.0,9,2025
627,1008,Beauty,East,6,2766.0,0.0,2025-09-18,16596.0,0.0,16596.0,9,2025
628,1198,Groceries,North,7,3406.0,15.0,2025-09-19,23842.0,3576.3,20265.7,9,2025
629,1027,Beauty,West,4,997.0,5.0,2025-09-20,3988.0,199.4,3788.6,9,2025
630,1127,Electronics,West,6,1185.0,0.0,2025-09-21,7110.0,0.0,7110.0,9,2025
631,1051,Beauty,East,1,1379.0,0.0,2025-09-22,1379.0,0.0,1379.0,9,2025
632,1082,Clothing,North,8,770.0,10.0,2025-09-23,6160.0,616.0,5544.0,9,2025
633,1110,Furniture,South,7,1605.0,15.0,2025-09-24,11235.0,1685.25,9549.75,9,2025
634,1143,Groceries,South,9,3675.0,10.0,2025-09-25,33075.0,3307.5,29767.5,9,2025
635,1116,Furniture,West,3,4914.0,10.0,2025-09-26,14742.0,1474.2,13267.8,9,2025
636,1068,Beauty,South,2,2055.0,0.0,2025-09-27,4110.0,0.0,4110.0,9,2025
637,1098,Groceries,West,1,349.0,0.0,2025-09-28,349.0,0.0,349.0,9,2025
638,1139,Beauty,West,3,1992.0,10.0,2025-09-29,5976.0,597.6,5378.4,9,2025
639,1024,Clothing,West,5,3539.0,0.0,2025-09-30,17695.0,0.0,17695.0,9,2025
640,1179,Electronics,South,2,1953.0,15.0,2025-10-01,3906.0,585.9,3320.1,10,2025
641,1122,Groceries,West,3,2954.0,10.0,2025-10-02,8862.0,886.2,7975.8,10,2025
642,1052,Clothing,East,4,1603.0,0.0,2025-10-03,6412.0,0.0,6412.0,10,2025
643,1150,Clothing,North,7,3485.0,10.0,2025-10-04,24395.0,2439.5,21955.5,10,2025
644,1143,Groceries,North,3,3671.0,15.0,2025-10-05,11013.0,1651.95,9361.05,10,2025
645,1056,Beauty,West,9,3892.0,10.0,2025-10-06,35028.0,3502.8,31525.2,10,2025
646,1038,Clothing,North,8,3526.0,0.0,2025-10-07,28208.0,0.0,28208.0,10,2025
647,1108,Furniture,South,4,143.0,0.0,2025-10-08,572.0,0.0,572.0,10,2025
648,1180,Clothing,South,1,3712.0,0.0,2025-10-09,3712.0,0.0,3712.0,10,2025
649,1041,Beauty,North,1,2718.0,0.0,2025-10-10,2718.0,0.0,2718.0,10,2025
650,1185,Beauty,South,1,4778.0,5.0,2025-10-11,4778.0,238.9,4539.1,10,2025
651,1166,Furniture,North,1,3263.0,0.0,2025-10-12,3263.0,0.0,3263.0,10,2025
652,1141,Clothing,North,8,1388.0,0.0,2025-10-13,11104.0,0.0,11104.0,10,2025
653,1121,Beauty,North,3,3042.0,15.0,2025-10-14,9126.0,1368.9,7757.1,10,2025
654,1132,Groceries,West,6,319.0,10.0,2025-10-15,1914.0,191.4,1722.6,10,2025
655,1162,Electronics,North,3,2025.0,0.0,2025-10-16,6075.0,0.0,6075.0,10,2025
656,1074,Electronics,West,5,3072.0,0.0,2025-10-17,15360.0,0.0,15360.0,10,2025
657,1145,Electronics,North,7,3613.0,15.0,2025-10-18,25291.0,3793.65,21497.35,10,2025
658,1075,Clothing,North,2,2548.0,15.0,2025-10-19,5096.0,764.4,4331.6,10,2025
659,1008,Furniture,North,6,3571.0,10.0,2025-10-20,21426.0,2142.6,19283.4,10,2025
660,1073,Beauty,South,6,2874.0,10.0,2025-10-21,17244.0,1724.4,15519.6,10,2025
661,1185,Groceries,West,3,1090.0,0.0,2025-10-22,3270.0,0.0,3270.0,10,2025
662,1144,Groceries,West,6,3046.0,5.0,2025-10-23,18276.0,913.8,17362.2,10,2025
663,1006,Clothing,North,5,1912.0,10.0,2025-10-24,9560.0,956.0,8604.0,10,2025
664,1173,Electronics,North,2,903.0,15.0,2025-10-25,1806.0,270.9,1535.1,10,2025
665,1140,Clothing,South,9,589.0,10.0,2025-10-26,5301.0,530.1,4770.9,10,2025
666,1167,Furniture,South,8,3656.0,0.0,2025-10-27,29248.0,0.0,29248.0,10,2025
667,1169,Furniture,South,3,1593.0,5.0,2025-10-28,4779.0,238.95,4540.05,10,2025
668,1136,Beauty,West,8,3745.0,0.0,2025-10-29,29960.0,0.0,29960.0,10,2025
669,1177,Beauty,West,9,2991.0,0.0,2025-10-30,26919.0,0.0,26919.0,10,2025
670,1026,Furniture,West,3,1805.0,0.0,2025-10-31,5415.0,0.0,5415.0,10,2025
671,1121,Furniture,North,3,3616.0,5.0,2025-11-01,10848.0,542.4,10305.6,11,2025
672,1193,Furniture,West,2,3440.0,0.0,2025-11-02,6880.0,0.0,6880.0,11,2025
673,1004,Clothing,East,8,153.0,15.0,2025-11-03,1224.0,183.6,1040.4,11,2025
674,1028,Furniture,East,1,2675.0,0.0,2025-11-04,2675.0,0.0,2675.0,11,2025
675,1164,Groceries,South,8,3691.0,10.0,2025-11-05,29528.0,2952.8,26575.2,11,2025
676,1165,Electronics,West,7,715.0,0.0,2025-11-06,5005.0,0.0,5005.0,11,2025
677,1082,Furniture,East,7,1054.0,10.0,2025-11-07,7378.0,737.8,6640.2,11,2025
678,1135,Electronics,South,3,2533.0,15.0,2025-11-08,7599.0,1139.85,6459.15,11,2025
679,1108,Clothing,West,1,1729.0,10.0,2025-11-09,1729.0,172.9,1556.1,11,2025
680,1064,Electronics,North,4,2881.0,0.0,2025-11-10,11524.0,0.0,11524.0,11,2025
681,1085,Clothing,East,9,749.0,10.0,2025-11-11,6741.0,674.1,6066.9,11,2025
682,1144,Groceries,North,5,2447.0,15.0,2025-11-12,12235.0,1835.25,10399.75,11,2025
683,1070,Clothing,West,1,4590.0,15.0,2025-11-13,4590.0,688.5,3901.5,11,2025
684,1044,Clothing,East,5,3378.0,15.0,2025-11-14,16890.0,2533.5,14356.5,11,2025
685,1131,Beauty,West,8,2740.0,0.0,2025-11-15,21920.0,0.0,21920.0,11,2025
686,1035,Furniture,North,8,3901.0,15.0,2025-11-16,31208.0,4681.2,26526.8,11,2025
687,1069,Furniture,East,5,2661.0,0.0,2025-11-17,13305.0,0.0,13305.0,11,2025
688,1158,Groceries,North,9,3349.0,15.0,2025-11-18,30141.0,4521.15,25619.85,11,2025
689,1018,Groceries,West,1,470.0,10.0,2025-11-19,470.0,47.0,423.0,11,2025
690,1188,Furniture,West,4,957.0,10.0,2025-11-20,3828.0,382.8,3445.2,11,2025
691,1107,Beauty,North,3,4986.0,10.0,2025-11-21,14958.0,1495.8,13462.2,11,2025
692,1181,Furniture,East,2,4853.0,0.0,2025-11-22,9706.0,0.0,9706.0,11,2025
693,1166,Beauty,North,8,483.0,10.0,2025-11-23,3864.0,386.4,3477.6,11,2025
694,1090,Groceries,West,7,3977.0,0.0,2025-11-24,27839.0,0.0,27839.0,11,2025
695,1089,Electronics,North,9,2652.0,0.0,2025-11-25,23868.0,0.0,23868.0,11,2025
696,1018,Groceries,West,2,4434.0,15.0,2025-11-26,8868.0,1330.2,7537.8,11,2025
697,1038,Groceries,North,4,4390.0,0.0,2025-11-27,17560.0,0.0,17560.0,11,2025
698,1125,Clothing,East,6,2825.0,15.0,2025-11-28,16950.0,2542.5,14407.5,11,2025
699,1194,Clothing,East,3,4134.0,15.0,2025-11-29,12402.0,1860.3,10541.7,11,2025
700,1172,Clothing,North,8,3393.0,0.0,2025-11-30,27144.0,0.0,27144.0,11,2025
701,1140,Clothing,North,3,4351.0,0.0,2025-12-01,13053.0,0.0,13053.0,12,2025
702,1125,Beauty,East,2,4088.0,10.0,2025-12-02,8176.0,817.6,7358.4,12,2025
703,1057,Furniture,West,3,1022.0,10.0,2025-12-03,3066.0,306.6,2759.4,12,2025
704,1147,Electronics,East,6,3015.0,15.0,2025-12-04,18090.0,2713.5,15376.5,12,2025
705,1199,Groceries,West,2,3050.0,5.0,2025-12-05,6100.0,305.0,5795.0,12,2025
706,1060,Beauty,North,8,3146.0,5.0,2025-12-06,25168.0,1258.4,23909.6,12,2025
707,1126,Electronics,North,1,1074.0,10.0,2025-12-07,1074.0,107.4,966.6,12,2025
708,1104,Beauty,West,7,1330.0,5.0,2025-12-08,9310.0,465.5,8844.5,12,2025
709,1166,Beauty,North,2,2535.0,10.0,2025-12-09,5070.0,507.0,4563.0,12,2025
710,1000,Groceries,West,6,1914.0,0.0,2025-12-10,11484.0,0.0,11484.0,12,2025
711,1130,Furniture,South,2,3034.0,15.0,2025-12-11,6068.0,910.2,5157.8,12,2025
712,1091,Clothing,East,2,1463.0,0.0,2025-12-12,2926.0,0.0,2926.0,12,2025
713,1189,Furniture,South,8,4040.0,15.0,2025-12-13,32320.0,4848.0,27472.0,12,2025
714,1190,Groceries,West,2,303.0,10.0,2025-12-14,606.0,60.6,545.4,12,2025
715,1112,Groceries,East,7,260.0,10.0,2025-12-15,1820.0,182.0,1638.0,12,2025
716,1152,Groceries,West,3,4587.0,15.0,2025-12-16,13761.0,2064.15,11696.85,12,2025
717,1055,Electronics,East,8,868.0,10.0,2025-12-17,6944.0,694.4,6249.6,12,2025
718,1160,Furniture,East,7,3848.0,5.0,2025-12-18,26936.0,1346.8,25589.2,12,2025
719,1165,Furniture,East,8,2681.0,5.0,2025-12-19,21448.0,1072.4,20375.6,12,2025
720,1116,Beauty,East,7,1193.0,10.0,2025-12-20,8351.0,835.1,7515.9,12,2025
721,1133,Beauty,West,6,4600.0,10.0,2025-12-21,27600.0,2760.0,24840.0,12,2025
722,1057,Beauty,East,7,707.0,5.0,2025-12-22,4949.0,247.45,4701.55,12,2025
723,1043,Groceries,East,5,1640.0,10.0,2025-12-23,8200.0,820.0,7380.0,12,2025
724,1172,Furniture,South,7,2975.0,10.0,2025-12-24,20825.0,2082.5,18742.5,12,2025
725,1159,Groceries,North,1,3291.0,15.0,2025-12-25,3291.0,493.65,2797.35,12,2025
726,1172,Electronics,North,1,1937.0,0.0,2025-12-26,1937.0,0.0,1937.0,12,2025
727,1060,Beauty,South,9,789.0,5.0,2025-12-27,7101.0,355.05,6745.95,12,2025
728,1046,Groceries,South,5,3859.0,15.0,2025-12-28,19295.0,2894.25,16400.75,12,2025
729,1148,Groceries,West,5,3049.0,0.0,2025-12-29,15245.0,0.0,15245.0,12,2025
730,1079,Electronics,West,3,2203.0,10.0,2025-12-30,6609.0,660.9,5948.1,12,2025
731,1117,Clothing,West,5,465.0,10.0,2025-12-31,2325.0,232.5,2092.5,12,2025
732,1163,Furniture,South,3,3675.0,15.0,2026-01-01,11025.0,1653.75,9371.25,1,2026
733,1146,Clothing,South,9,4650.0,10.0,2026-01-02,41850.0,4185.0,37665.0,1,2026
734,1019,Beauty,East,9,4299.0,0.0,2026-01-03,38691.0,0.0,38691.0,1,2026
735,1184,Groceries,West,6,4272.0,15.0,2026-01-04,25632.0,3844.8,21787.2,1,2026
736,1145,Electronics,West,1,4425.0,0.0,2026-01-05,4425.0,0.0,4425.0,1,2026
737,1046,Electronics,West,7,2478.0,15.0,2026-01-06,17346.0,2601.9,14744.1,1,2026
738,1048,Furniture,North,7,1305.0,5.0,2026-01-07,9135.0,456.75,8678.25,1,2026
739,1013,Clothing,East,4,3939.0,15.0,2026-01-08,15756.0,2363.4,13392.6,1,2026
740,1142,Furniture,West,8,2835.0,10.0,2026-01-09,22680.0,2268.0,20412.0,1,2026
741,1158,Groceries,West,6,3447.0,10.0,2026-01-10,20682.0,2068.2,18613.8,1,2026
742,1000,Furniture,West,4,1775.0,0.0,2026-01-11,7100.0,0.0,7100.0,1,2026
743,1116,Electronics,North,4,398.0,0.0,2026-01-12,1592.0,0.0,1592.0,1,2026
744,1053,Electronics,North,2,1056.0,0.0,2026-01-13,2112.0,0.0,2112.0,1,2026
745,1117,Beauty,South,2,1214.0,0.0,2026-01-14,2428.0,0.0,2428.0,1,2026
746,1002,Beauty,East,4,2605.0,0.0,2026-01-15,10420.0,0.0,10420.0,1,2026
747,1143,Groceries,South,5,1574.0,0.0,2026-01-16,7870.0,0.0,7870.0,1,2026
748,1184,Clothing,East,8,4560.0,0.0,2026-01-17,36480.0,0.0,36480.0,1,2026
749,1011,Furniture,North,6,4546.0,0.0,2026-01-18,27276.0,0.0,27276.0,1,2026
750,1073,Groceries,West,4,3826.0,15.0,2026-01-19,15304.0,2295.6,13008.4,1,2026
751,1015,Beauty,South,7,3571.0,15.0,2026-01-20,24997.0,3749.55,21247.45,1,2026
752,1199,Furniture,West,8,2928.0,10.0,2026-01-21,23424.0,2342.4,21081.6,1,2026
753,1101,Beauty,South,2,2950.0,0.0,2026-01-22,5900.0,0.0,5900.0,1,2026
754,1151,Furniture,North,7,2606.0,5.0,2026-01-23,18242.0,912.1,17329.9,1,2026
755,1155,Clothing,North,2,3870.0,10.0,2026-01-24,7740.0,774.0,6966.0,1,2026
756,1116,Groceries,North,2,3064.0,15.0,2026-01-25,6128.0,919.2,5208.8,1,2026
757,1007,Furniture,South,8,4694.0,0.0,2026-01-26,37552.0,0.0,37552.0,1,2026
758,1121,Electronics,East,2,1049.0,0.0,2026-01-27,2098.0,0.0,2098.0,1,2026
759,1091,Electronics,South,9,4703.0,5.0,2026-01-28,42327.0,2116.35,40210.65,1,2026
760,1163,Furniture,East,1,2950.0,15.0,2026-01-29,2950.0,442.5,2507.5,1,2026
761,1089,Furniture,South,9,265.0,10.0,2026-01-30,2385.0,238.5,2146.5,1,2026
762,1135,Furniture,South,1,3586.0,0.0,2026-01-31,3586.0,0.0,3586.0,1,2026
763,1185,Electronics,North,2,2609.0,5.0,2026-02-01,5218.0,260.9,4957.1,2,2026
764,1059,Electronics,West,6,1019.0,0.0,2026-02-02,6114.0,0.0,6114.0,2,2026
765,1177,Furniture,West,6,213.0,0.0,2026-02-03,1278.0,0.0,1278.0,2,2026
766,1027,Beauty,East,1,3604.0,10.0,2026-02-04,3604.0,360.4,3243.6,2,2026
767,1100,Beauty,West,7,1091.0,0.0,2026-02-05,7637.0,0.0,7637.0,2,2026
768,1040,Clothing,South,8,3939.0,15.0,2026-02-06,31512.0,4726.8,26785.2,2,2026
769,1191,Groceries,South,2,1358.0,10.0,2026-02-07,2716.0,271.6,2444.4,2,2026
770,1154,Beauty,North,8,3526.0,15.0,2026-02-08,28208.0,4231.2,23976.8,2,2026
771,1190,Electronics,North,9,614.0,0.0,2026-02-09,5526.0,0.0,5526.0,2,2026
772,1144,Beauty,West,6,4904.0,10.0,2026-02-10,29424.0,2942.4,26481.6,2,2026
773,1160,Clothing,East,5,3296.0,15.0,2026-02-11,16480.0,2472.0,14008.0,2,2026
774,1156,Clothing,West,9,4534.0,0.0,2026-02-12,40806.0,0.0,40806.0,2,2026
775,1140,Groceries,West,9,2684.0,0.0,2026-02-13,24156.0,0.0,24156.0,2,2026
776,1045,Beauty,West,1,167.0,0.0,2026-02-14,167.0,0.0,167.0,2,2026
777,1034,Electronics,West,3,1696.0,10.0,2026-02-15,5088.0,508.8,4579.2,2,2026
778,1133,Electronics,South,9,4578.0,5.0,2026-02-16,41202.0,2060.1,39141.9,2,2026
779,1081,Furniture,East,2,118.0,10.0,2026-02-17,236.0,23.6,212.4,2,2026
780,1114,Electronics,South,4,2830.0,0.0,2026-02-18,11320.0,0.0,11320.0,2,2026
781,1196,Groceries,East,4,3621.0,15.0,2026-02-19,14484.0,2172.6,12311.4,2,2026
782,1046,Groceries,North,2,672.0,5.0,2026-02-20,1344.0,67.2,1276.8,2,2026
783,1152,Electronics,West,3,2358.0,0.0,2026-02-21,7074.0,0.0,7074.0,2,2026
784,1193,Electronics,South,3,3002.0,5.0,2026-02-22,9006.0,450.3,8555.7,2,2026
785,1009,Furniture,East,1,750.0,0.0,2026-02-23,750.0,0.0,750.0,2,2026
786,1055,Electronics,North,6,2687.0,5.0,2026-02-24,16122.0,806.1,15315.9,2,2026
787,1029,Furniture,North,8,3362.0,0.0,2026-02-25,26896.0,0.0,26896.0,2,2026
788,1108,Furniture,West,3,1438.0,0.0,2026-02-26,4314.0,0.0,4314.0,2,2026
789,1004,Electronics,East,5,3734.0,5.0,2026-02-27,18670.0,933.5,17736.5,2,2026
790,1118,Clothing,South,1,2927.0,5.0,2026-02-28,2927.0,146.35,2780.65,2,2026
791,1032,Clothing,West,7,2317.0,0.0,2026-03-01,16219.0,0.0,16219.0,3,2026
792,1117,Furniture,South,1,3639.0,0.0,2026-03-02,3639.0,0.0,3639.0,3,2026
793,1064,Electronics,North,9,1137.0,5.0,2026-03-03,10233.0,511.65,9721.35,3,2026
794,1145,Clothing,South,8,4483.0,10.0,2026-03-04,35864.0,3586.4,32277.6,3,2026
795,1176,Electronics,South,7,4078.0,15.0,2026-03-05,28546.0,4281.9,24264.1,3,2026
796,1010,Electronics,West,7,3061.0,0.0,2026-03-06,21427.0,0.0,21427.0,3,2026
797,1084,Electronics,South,5,3326.0,0.0,2026-03-07,16630.0,0.0,16630.0,3,2026
798,1025,Beauty,West,5,1198.0,15.0,2026-03-08,5990.0,898.5,5091.5,3,2026
799,1062,Electronics,North,5,2424.0,0.0,2026-03-09,12120.0,0.0,12120.0,3,2026
800,1085,Beauty,West,1,1039.0,15.0,2026-03-10,1039.0,155.85,883.15,3,2026
801,1058,Furniture,West,8,3816.0,5.0,2026-03-11,30528.0,1526.4,29001.6,3,2026
802,1026,Clothing,East,1,3514.0,15.0,2026-03-12,3514.0,527.1,2986.9,3,2026
803,1176,Clothing,South,4,1548.0,0.0,2026-03-13,6192.0,0.0,6192.0,3,2026
804,1160,Clothing,North,9,670.0,15.0,2026-03-14,6030.0,904.5,5125.5,3,2026
805,1097,Clothing,West,9,3004.0,10.0,2026-03-15,27036.0,2703.6,24332.4,3,2026
806,1104,Clothing,North,5,2605.0,5.0,2026-03-16,13025.0,651.25,12373.75,3,2026
807,1098,Clothing,East,4,1017.0,15.0,2026-03-17,4068.0,610.2,3457.8,3,2026
808,1128,Clothing,South,3,1974.0,0.0,2026-03-18,5922.0,0.0,5922.0,3,2026
809,1148,Furniture,West,3,1778.0,5.0,2026-03-19,5334.0,266.7,5067.3,3,2026
810,1054,Electronics,South,5,715.0,0.0,2026-03-20,3575.0,0.0,3575.0,3,2026
811,1005,Groceries,East,1,4601.0,0.0,2026-03-21,4601.0,0.0,4601.0,3,2026
812,1196,Beauty,East,5,1849.0,10.0,2026-03-22,9245.0,924.5,8320.5,3,2026
813,1094,Groceries,North,6,3925.0,0.0,2026-03-23,23550.0,0.0,23550.0,3,2026
814,1132,Groceries,West,7,4288.0,10.0,2026-03-24,30016.0,3001.6,27014.4,3,2026
815,1101,Electronics,North,9,2577.0,15.0,2026-03-25,23193.0,3478.95,19714.05,3,2026
816,1002,Electronics,East,3,4849.0,5.0,2026-03-26,14547.0,727.35,13819.65,3,2026
817,1180,Electronics,South,2,3605.0,15.0,2026-03-27,7210.0,1081.5,6128.5,3,2026
818,1022,Clothing,North,3,3575.0,10.0,2026-03-28,10725.0,1072.5,9652.5,3,2026
819,1052,Furniture,North,9,4629.0,10.0,2026-03-29,41661.0,4166.1,37494.9,3,2026
820,1164,Clothing,South,7,1235.0,10.0,2026-03-30,8645.0,864.5,7780.5,3,2026
821,1082,Furniture,North,9,4100.0,0.0,2026-03-31,36900.0,0.0,36900.0,3,2026
822,1144,Furniture,South,2,474.0,5.0,2026-04-01,948.0,47.4,900.6,4,2026
823,1084,Groceries,West,5,306.0,15.0,2026-04-02,1530.0,229.5,1300.5,4,2026
824,1077,Groceries,South,4,4975.0,15.0,2026-04-03,19900.0,2985.0,16915.0,4,2026
825,1109,Furniture,West,2,1419.0,0.0,2026-04-04,2838.0,0.0,2838.0,4,2026
826,1000,Furniture,South,9,1241.0,10.0,2026-04-05,11169.0,1116.9,10052.1,4,2026
827,1050,Clothing,East,9,4727.0,10.0,2026-04-06,42543.0,4254.3,38288.7,4,2026
828,1172,Clothing,East,6,2790.0,10.0,2026-04-07,16740.0,1674.0,15066.0,4,2026
829,1003,Groceries,West,6,3355.0,15.0,2026-04-08,20130.0,3019.5,17110.5,4,2026
830,1189,Electronics,West,8,189.0,0.0,2026-04-09,1512.0,0.0,1512.0,4,2026
831,1192,Furniture,East,6,4208.0,0.0,2026-04-10,25248.0,0.0,25248.0,4,2026
832,1112,Clothing,West,1,3120.0,5.0,2026-04-11,3120.0,156.0,2964.0,4,2026
833,1031,Groceries,South,4,1957.0,0.0,2026-04-12,7828.0,0.0,7828.0,4,2026
834,1033,Clothing,South,7,904.0,15.0,2026-04-13,6328.0,949.2,5378.8,4,2026
835,1091,Furniture,East,2,1044.0,10.0,2026-04-14,2088.0,208.8,1879.2,4,2026
836,1094,Furniture,North,9,2889.0,5.0,2026-04-15,26001.0,1300.05,24700.95,4,2026
837,1071,Beauty,South,8,3975.0,15.0,2026-04-16,31800.0,4770.0,27030.0,4,2026
838,1038,Electronics,West,8,1710.0,15.0,2026-04-17,13680.0,2052.0,11628.0,4,2026
839,1153,Beauty,North,7,3023.0,15.0,2026-04-18,21161.0,3174.15,17986.85,4,2026
840,1161,Groceries,North,4,3982.0,5.0,2026-04-19,15928.0,796.4,15131.6,4,2026
841,1181,Clothing,South,2,3321.0,5.0,2026-04-20,6642.0,332.1,6309.9,4,2026
842,1117,Groceries,South,3,4491.0,0.0,2026-04-21,13473.0,0.0,13473.0,4,2026
843,1002,Furniture,North,6,4835.0,0.0,2026-04-22,29010.0,0.0,29010.0,4,2026
844,1122,Beauty,North,5,2487.0,0.0,2026-04-23,12435.0,0.0,12435.0,4,2026
845,1049,Beauty,East,8,4823.0,5.0,2026-04-24,38584.0,1929.2,36654.8,4,2026
846,1011,Beauty,West,6,1041.0,5.0,2026-04-25,6246.0,312.3,5933.7,4,2026
847,1192,Groceries,East,6,2666.0,5.0,2026-04-26,15996.0,799.8,15196.2,4,2026
848,1053,Furniture,South,1,1075.0,0.0,2026-04-27,1075.0,0.0,1075.0,4,2026
849,1132,Clothing,East,4,1054.0,15.0,2026-04-28,4216.0,632.4,3583.6,4,2026
850,1056,Clothing,East,5,1362.0,10.0,2026-04-29,6810.0,681.0,6129.0,4,2026
851,1144,Groceries,East,3,1043.0,0.0,2026-04-30,3129.0,0.0,3129.0,4,2026
852,1111,Beauty,East,9,2302.0,5.0,2026-05-01,20718.0,1035.9,19682.1,5,2026
853,1046,Electronics,West,1,3427.0,0.0,2026-05-02,3427.0,0.0,3427.0,5,2026
854,1150,Groceries,West,6,4374.0,0.0,2026-05-03,26244.0,0.0,26244.0,5,2026
855,1084,Groceries,North,6,2359.0,5.0,2026-05-04,14154.0,707.7,13446.3,5,2026
856,1141,Furniture,South,5,1928.0,0.0,2026-05-05,9640.0,0.0,9640.0,5,2026
857,1065,Clothing,East,5,1357.0,5.0,2026-05-06,6785.0,339.25,6445.75,5,2026
858,1074,Groceries,North,5,564.0,0.0,2026-05-07,2820.0,0.0,2820.0,5,2026
859,1178,Groceries,North,6,3394.0,15.0,2026-05-08,20364.0,3054.6,17309.4,5,2026
860,1102,Beauty,North,8,1330.0,10.0,2026-05-09,10640.0,1064.0,9576.0,5,2026
861,1165,Beauty,West,2,2754.0,0.0,2026-05-10,5508.0,0.0,5508.0,5,2026
862,1191,Electronics,East,6,984.0,0.0,2026-05-11,5904.0,0.0,5904.0,5,2026
863,1037,Furniture,East,1,3905.0,15.0,2026-05-12,3905.0,585.75,3319.25,5,2026
864,1049,Electronics,South,4,3956.0,0.0,2026-05-13,15824.0,0.0,15824.0,5,2026
865,1097,Beauty,East,3,3235.0,0.0,2026-05-14,9705.0,0.0,9705.0,5,2026
866,1081,Clothing,East,9,1024.0,10.0,2026-05-15,9216.0,921.6,8294.4,5,2026
867,1029,Beauty,North,3,4689.0,0.0,2026-05-16,14067.0,0.0,14067.0,5,2026
868,1078,Furniture,South,6,1646.0,5.0,2026-05-17,9876.0,493.8,9382.2,5,2026
869,1090,Beauty,East,1,1194.0,15.0,2026-05-18,1194.0,179.1,1014.9,5,2026
870,1178,Furniture,West,6,2511.0,0.0,2026-05-19,15066.0,0.0,15066.0,5,2026
871,1190,Furniture,East,4,2717.0,15.0,2026-05-20,10868.0,1630.2,9237.8,5,2026
872,1051,Furniture,North,8,862.0,5.0,2026-05-21,6896.0,344.8,6551.2,5,2026
873,1165,Furniture,West,9,2423.0,10.0,2026-05-22,21807.0,2180.7,19626.3,5,2026
874,1078,Furniture,North,4,4245.0,10.0,2026-05-23,16980.0,1698.0,15282.0,5,2026
875,1029,Clothing,East,6,2875.0,5.0,2026-05-24,17250.0,862.5,16387.5,5,2026
876,1105,Electronics,West,1,4759.0,15.0,2026-05-25,4759.0,713.85,4045.15,5,2026
877,1050,Groceries,South,4,4978.0,0.0,2026-05-26,19912.0,0.0,19912.0,5,2026
878,1080,Electronics,South,7,3255.0,5.0,2026-05-27,22785.0,1139.25,21645.75,5,2026
879,1132,Furniture,West,1,4070.0,0.0,2026-05-28,4070.0,0.0,4070.0,5,2026
880,1028,Clothing,West,8,2140.0,15.0,2026-05-29,17120.0,2568.0,14552.0,5,2026
881,1131,Beauty,North,6,683.0,10.0,2026-05-30,4098.0,409.8,3688.2,5,2026
882,1137,Clothing,West,5,4431.0,5.0,2026-05-31,22155.0,1107.75,21047.25,5,2026
883,1183,Furniture,North,9,2203.0,10.0,2026-06-01,19827.0,1982.7,17844.3,6,2026
884,1144,Clothing,East,2,2042.0,15.0,2026-06-02,4084.0,612.6,3471.4,6,2026
885,1073,Clothing,North,5,4555.0,10.0,2026-06-03,22775.0,2277.5,20497.5,6,2026
886,1016,Furniture,West,6,209.0,5.0,2026-06-04,1254.0,62.7,1191.3,6,2026
887,1083,Clothing,West,7,291.0,15.0,2026-06-05,2037.0,305.55,1731.45,6,2026
888,1068,Groceries,East,5,1003.0,0.0,2026-06-06,5015.0,0.0,5015.0,6,2026
889,1033,Groceries,West,9,961.0,5.0,2026-06-07,8649.0,432.45,8216.55,6,2026
890,1005,Clothing,West,1,1183.0,0.0,2026-06-08,1183.0,0.0,1183.0,6,2026
891,1052,Beauty,South,7,749.0,5.0,2026-06-09,5243.0,262.15,4980.85,6,2026
892,1193,Furniture,South,7,4234.0,15.0,2026-06-10,29638.0,4445.7,25192.3,6,2026
893,1125,Groceries,East,4,3711.0,5.0,2026-06-11,14844.0,742.2,14101.8,6,2026
894,1042,Beauty,North,9,736.0,0.0,2026-06-12,6624.0,0.0,6624.0,6,2026
895,1114,Clothing,South,5,1136.0,0.0,2026-06-13,5680.0,0.0,5680.0,6,2026
896,1110,Beauty,North,4,4231.0,0.0,2026-06-14,16924.0,0.0,16924.0,6,2026
897,1150,Electronics,West,7,2248.0,10.0,2026-06-15,15736.0,1573.6,14162.4,6,2026
898,1182,Groceries,South,4,3965.0,15.0,2026-06-16,15860.0,2379.0,13481.0,6,2026
899,1079,Clothing,East,3,3257.0,15.0,2026-06-17,9771.0,1465.65,8305.35,6,2026
900,1094,Furniture,East,9,3687.0,10.0,2026-06-18,33183.0,3318.3,29864.7,6,2026
901,1117,Clothing,East,8,3394.0,0.0,2026-06-19,27152.0,0.0,27152.0,6,2026
902,1143,Furniture,South,1,4361.0,0.0,2026-06-20,4361.0,0.0,4361.0,6,2026
903,1007,Clothing,North,7,2530.0,5.0,2026-06-21,17710.0,885.5,16824.5,6,2026
904,1131,Beauty,West,9,1979.0,0.0,2026-06-22,17811.0,0.0,17811.0,6,2026
905,1103,Beauty,North,8,4066.0,0.0,2026-06-23,32528.0,0.0,32528.0,6,2026
906,1131,Beauty,North,8,3813.0,0.0,2026-06-24,30504.0,0.0,30504.0,6,2026
907,1183,Electronics,West,6,4226.0,5.0,2026-06-25,25356.0,1267.8,24088.2,6,2026
908,1024,Furniture,West,4,4206.0,0.0,2026-06-26,16824.0,0.0,16824.0,6,2026
909,1194,Beauty,South,8,2111.0,10.0,2026-06-27,16888.0,1688.8,15199.2,6,2026
910,1095,Electronics,South,3,3473.0,5.0,2026-06-28,10419.0,520.95,9898.05,6,2026
911,1194,Furniture,South,9,2243.0,10.0,2026-06-29,20187.0,2018.7,18168.3,6,2026
912,1154,Clothing,South,2,2600.0,5.0,2026-06-30,5200.0,260.0,4940.0,6,2026
913,1092,Electronics,South,2,4681.0,0.0,2026-07-01,9362.0,0.0,9362.0,7,2026
914,1159,Groceries,West,7,1389.0,10.0,2026-07-02,9723.0,972.3,8750.7,7,2026
915,1177,Electronics,North,4,1547.0,10.0,2026-07-03,6188.0,618.8,5569.2,7,2026
916,1060,Electronics,South,8,3299.0,10.0,2026-07-04,26392.0,2639.2,23752.8,7,2026
917,1121,Furniture,South,9,2043.0,5.0,2026-07-05,18387.0,919.35,17467.65,7,2026
918,1050,Clothing,North,7,3283.0,15.0,2026-07-06,22981.0,3447.15,19533.85,7,2026
919,1146,Groceries,South,5,3316.0,0.0,2026-07-07,16580.0,0.0,16580.0,7,2026
920,1020,Beauty,North,8,3236.0,10.0,2026-07-08,25888.0,2588.8,23299.2,7,2026
921,1004,Beauty,North,4,3418.0,15.0,2026-07-09,13672.0,2050.8,11621.2,7,2026
922,1091,Electronics,West,2,2882.0,0.0,2026-07-10,5764.0,0.0,5764.0,7,2026
923,1169,Furniture,East,6,1090.0,0.0,2026-07-11,6540.0,0.0,6540.0,7,2026
924,1060,Furniture,West,9,2253.0,10.0,2026-07-12,20277.0,2027.7,18249.3,7,2026
925,1021,Beauty,East,1,325.0,10.0,2026-07-13,325.0,32.5,292.5,7,2026
926,1148,Groceries,East,7,876.0,5.0,2026-07-14,6132.0,306.6,5825.4,7,2026
927,1069,Clothing,East,9,2937.0,15.0,2026-07-15,26433.0,3964.95,22468.05,7,2026
928,1000,Groceries,South,9,787.0,15.0,2026-07-16,7083.0,1062.45,6020.55,7,2026
929,1132,Clothing,West,3,629.0,10.0,2026-07-17,1887.0,188.7,1698.3,7,2026
930,1011,Beauty,East,5,3542.0,0.0,2026-07-18,17710.0,0.0,17710.0,7,2026
931,1089,Clothing,North,8,2253.0,10.0,2026-07-19,18024.0,1802.4,16221.6,7,2026
932,1045,Furniture,South,8,1394.0,0.0,2026-07-20,11152.0,0.0,11152.0,7,2026
933,1033,Electronics,West,4,1626.0,0.0,2026-07-21,6504.0,0.0,6504.0,7,2026
934,1176,Electronics,East,1,4874.0,10.0,2026-07-22,4874.0,487.4,4386.6,7,2026
935,1077,Beauty,North,1,2996.0,0.0,2026-07-23,2996.0,0.0,2996.0,7,2026
936,1044,Furniture,West,4,3203.0,15.0,2026-07-24,12812.0,1921.8,10890.2,7,2026
937,1154,Groceries,West,6,2540.0,0.0,2026-07-25,15240.0,0.0,15240.0,7,2026
938,1072,Furniture,South,8,4235.0,0.0,2026-07-26,33880.0,0.0,33880.0,7,2026
939,1025,Electronics,West,6,3902.0,0.0,2026-07-27,23412.0,0.0,23412.0,7,2026
940,1046,Electronics,South,9,944.0,5.0,2026-07-28,8496.0,424.8,8071.2,7,2026
941,1120,Furniture,East,9,546.0,0.0,2026-07-29,4914.0,0.0,4914.0,7,2026
942,1055,Furniture,South,2,4015.0,0.0,2026-07-30,8030.0,0.0,8030.0,7,2026
943,1093,Electronics,North,1,3209.0,0.0,2026-07-31,3209.0,0.0,3209.0,7,2026
944,1106,Groceries,South,2,1334.0,15.0,2026-08-01,2668.0,400.2,2267.8,8,2026
945,1062,Beauty,North,5,326.0,0.0,2026-08-02,1630.0,0.0,1630.0,8,2026
946,1047,Beauty,South,4,4243.0,5.0,2026-08-03,16972.0,848.6,16123.4,8,2026
947,1060,Furniture,West,4,3059.0,10.0,2026-08-04,12236.0,1223.6,11012.4,8,2026
948,1080,Beauty,East,9,1930.0,0.0,2026-08-05,17370.0,0.0,17370.0,8,2026
949,1025,Electronics,North,8,3879.0,0.0,2026-08-06,31032.0,0.0,31032.0,8,2026
950,1035,Electronics,South,6,286.0,5.0,2026-08-07,1716.0,85.8,1630.2,8,2026
951,1000,Furniture,South,1,2977.0,15.0,2026-08-08,2977.0,446.55,2530.45,8,2026
952,1007,Furniture,South,2,2635.0,0.0,2026-08-09,5270.0,0.0,5270.0,8,2026
953,1112,Furniture,West,6,2032.0,0.0,2026-08-10,12192.0,0.0,12192.0,8,2026
954,1098,Groceries,West,2,3024.0,15.0,2026-08-11,6048.0,907.2,5140.8,8,2026
955,1179,Beauty,North,5,948.0,5.0,2026-08-12,4740.0,237.0,4503.0,8,2026
956,1046,Furniture,North,5,2132.0,0.0,2026-08-13,10660.0,0.0,10660.0,8,2026
957,1126,Clothing,West,6,1352.0,15.0,2026-08-14,8112.0,1216.8,6895.2,8,2026
958,1055,Clothing,North,6,1981.0,0.0,2026-08-15,11886.0,0.0,11886.0,8,2026
959,1013,Electronics,East,6,369.0,10.0,2026-08-16,2214.0,221.4,1992.6,8,2026
960,1027,Beauty,East,2,1730.0,0.0,2026-08-17,3460.0,0.0,3460.0,8,2026
961,1077,Furniture,West,3,4505.0,10.0,2026-08-18,13515.0,1351.5,12163.5,8,2026
962,1129,Clothing,North,6,3303.0,0.0,2026-08-19,19818.0,0.0,19818.0,8,2026
963,1108,Beauty,South,8,1674.0,5.0,2026-08-20,13392.0,669.6,12722.4,8,2026
964,1153,Electronics,East,1,2992.0,0.0,2026-08-21,2992.0,0.0,2992.0,8,2026
965,1013,Groceries,West,1,1795.0,10.0,2026-08-22,1795.0,179.5,1615.5,8,2026
966,1186,Beauty,North,2,3358.0,15.0,2026-08-23,6716.0,1007.4,5708.6,8,2026
967,1055,Beauty,West,6,3362.0,5.0,2026-08-24,20172.0,1008.6,19163.4,8,2026
968,1114,Groceries,South,9,1545.0,10.0,2026-08-25,13905.0,1390.5,12514.5,8,2026
969,1006,Beauty,East,4,319.0,15.0,2026-08-26,1276.0,191.4,1084.6,8,2026
970,1002,Electronics,West,3,152.0,0.0,2026-08-27,456.0,0.0,456.0,8,2026
971,1110,Electronics,West,8,1857.0,15.0,2026-08-28,14856.0,2228.4,12627.6,8,2026
972,1150,Groceries,West,9,1766.0,10.0,2026-08-29,15894.0,1589.4,14304.6,8,2026
973,1106,Furniture,South,5,2885.0,10.0,2026-08-30,14425.0,1442.5,12982.5,8,2026
974,1017,Clothing,West,9,819.0,0.0,2026-08-31,7371.0,0.0,7371.0,8,2026
975,1037,Furniture,South,2,505.0,15.0,2026-09-01,1010.0,151.5,858.5,9,2026
976,1114,Beauty,South,3,2394.0,15.0,2026-09-02,7182.0,1077.3,6104.7,9,2026
977,1014,Clothing,South,7,171.0,0.0,2026-09-03,1197.0,0.0,1197.0,9,2026
978,1191,Groceries,East,7,2153.0,15.0,2026-09-04,15071.0,2260.65,12810.35,9,2026
979,1118,Groceries,East,6,1329.0,0.0,2026-09-05,7974.0,0.0,7974.0,9,2026
980,1027,Clothing,West,6,1667.0,5.0,2026-09-06,10002.0,500.1,9501.9,9,2026
981,1038,Electronics,West,2,3782.0,10.0,2026-09-07,7564.0,756.4,6807.6,9,2026
982,1184,Clothing,East,6,3053.0,5.0,2026-09-08,18318.0,915.9,17402.1,9,2026
983,1016,Beauty,North,4,4582.0,0.0,2026-09-09,18328.0,0.0,18328.0,9,2026
984,1085,Electronics,East,3,798.0,0.0,2026-09-10,2394.0,0.0,2394.0,9,2026
985,1125,Groceries,South,2,926.0,0.0,2026-09-11,1852.0,0.0,1852.0,9,2026
986,1043,Clothing,East,1,448.0,0.0,2026-09-12,448.0,0.0,448.0,9,2026
987,1024,Furniture,South,5,4008.0,15.0,2026-09-13,20040.0,3006.0,17034.0,9,2026
988,1144,Furniture,West,2,407.0,5.0,2026-09-14,814.0,40.7,773.3,9,2026
989,1012,Beauty,North,2,3516.0,5.0,2026-09-15,7032.0,351.6,6680.4,9,2026
990,1024,Furniture,West,7,2434.0,5.0,2026-09-16,17038.0,851.9,16186.1,9,2026
991,1067,Clothing,South,8,4961.0,5.0,2026-09-17,39688.0,1984.4,37703.6,9,2026
992,1137,Clothing,South,8,4920.0,0.0,2026-09-18,39360.0,0.0,39360.0,9,2026
993,1066,Furniture,South,4,2909.0,5.0,2026-09-19,11636.0,581.8,11054.2,9,2026
994,1108,Clothing,North,1,3658.0,15.0,2026-09-20,3658.0,548.7,3109.3,9,2026
995,1145,Beauty,East,7,4578.0,0.0,2026-09-21,32046.0,0.0,32046.0,9,2026
996,1110,Electronics,West,1,3577.0,5.0,2026-09-22,3577.0,178.85,3398.15,9,2026
997,1110,Beauty,West,4,4720.0,0.0,2026-09-23,18880.0,0.0,18880.0,9,2026
998,1033,Beauty,East,8,2786.0,10.0,2026-09-24,22288.0,2228.8,20059.2,9,2026
999,1110,Clothing,West,2,3085.0,10.0,2026-09-25,6170.0,617.0,5553.0,9,2026
1000,1007,Electronics,North,6,375.0,10.0,2026-09-26,2250.0,225.0,2025.0,9,2026
